MapDate,StateAbbreviation,None,D0,D1,D2,D3,D4,ValidStart,ValidEnd,StatisticFormatID
20230404,CA,56.17,43.83,24.86,0.82,0,0,4/4/23,4/10/23,1
20230328,CA,55.34,44.66,28.11,1.95,0,0,3/28/23,4/3/23,1
20230321,CA,48.51,51.49,35.88,8.49,0,0,3/21/23,3/27/23,1
20230314,CA,44.66,55.34,36.42,8.49,0,0,3/14/23,3/20/23,1
20230307,CA,26.84,73.16,43.06,19,0,0,3/7/23,3/13/23,1
20230228,CA,16.71,83.29,49.13,24.96,0,0,2/28/23,3/6/23,1
20230221,CA,0.61,99.39,84.6,32.62,0,0,2/21/23,2/27/23,1
20230214,CA,0.64,99.36,84.6,32.62,0,0,2/14/23,2/20/23,1
20230207,CA,0.64,99.36,84.6,32.62,0,0,2/7/23,2/13/23,1
20230131,CA,0.64,99.36,89.56,32.57,0,0,1/31/23,2/6/23,1
20230124,CA,0.64,99.36,89.56,32.57,0,0,1/24/23,1/30/23,1
20230117,CA,0.64,99.36,92.12,42.84,0,0,1/17/23,1/23/23,1
20230110,CA,0,100,95.38,46,0.32,0,1/10/23,1/16/23,1
20230103,CA,0,100,97.93,71.14,27.1,0,1/3/23,1/9/23,1
20221227,CA,0,100,97.94,80.56,35.5,7.16,12/27/22,1/2/23,1
20221220,CA,0,100,97.94,80.56,35.5,7.16,12/20/22,12/26/22,1
20221213,CA,0,100,97.94,80.56,35.5,7.16,12/13/22,12/19/22,1
20221206,CA,0,100,99.48,84.97,40.08,12.73,12/6/22,12/12/22,1
20221129,CA,0,100,99.48,84.97,40.92,12.73,11/29/22,12/5/22,1
20221122,CA,0,100,99.48,84.97,40.92,12.73,11/22/22,11/28/22,1
20221115,CA,0,100,99.48,84.97,40.92,12.73,11/15/22,11/21/22,1
20221108,CA,0,100,99.51,88.09,41.39,16.57,11/8/22,11/14/22,1
20221101,CA,0,100,99.77,91.83,43.06,16.57,11/1/22,11/7/22,1
20221025,CA,0,100,99.77,91.83,43.06,16.57,10/25/22,10/31/22,1
20221018,CA,0,100,99.77,91.83,40.91,16.57,10/18/22,10/24/22,1
20221011,CA,0,100,99.77,93.99,40.91,16.57,10/11/22,10/17/22,1
20221004,CA,0,100,99.77,94.02,40.91,16.57,10/4/22,10/10/22,1
20220927,CA,0,100,99.76,94.01,40.91,16.57,9/27/22,10/3/22,1
20220920,CA,0,100,99.76,94.06,40.91,16.57,9/20/22,9/26/22,1
20220913,CA,0,100,99.76,94.06,40.91,16.57,9/13/22,9/19/22,1
20220906,CA,0,100,99.76,97.52,40.18,16.57,9/6/22,9/12/22,1
20220830,CA,0,100,99.76,97.52,40.18,16.57,8/30/22,9/5/22,1
20220823,CA,0,100,99.76,97.53,43.16,16.57,8/23/22,8/29/22,1
20220816,CA,0,100,99.76,97.53,43.16,16.57,8/16/22,8/22/22,1
20220809,CA,0,100,99.77,97.52,45.81,16.53,8/9/22,8/15/22,1
20220802,CA,0,100,99.78,97.47,59.81,12.12,8/2/22,8/8/22,1
20220726,CA,0,100,99.78,97.47,59.81,12.74,7/26/22,8/1/22,1
20220719,CA,0,100,99.78,97.47,59.81,12.74,7/19/22,7/25/22,1
20220712,CA,0,100,99.8,97.48,59.81,12.74,7/12/22,7/18/22,1
20220705,CA,0,100,99.8,97.48,59.81,11.59,7/5/22,7/11/22,1
20220628,CA,0,100,99.79,97.48,59.81,11.59,6/28/22,7/4/22,1
20220621,CA,0,100,99.79,97.48,59.81,11.59,6/21/22,6/27/22,1
20220614,CA,0,100,99.79,97.48,59.81,11.59,6/14/22,6/20/22,1
20220607,CA,0,100,99.79,97.48,59.81,11.59,6/7/22,6/13/22,1
20220531,CA,0,100,99.86,97.56,59.81,11.59,5/31/22,6/6/22,1
20220524,CA,0,100,99.86,97.56,59.81,11.59,5/24/22,5/30/22,1
20220517,CA,0,100,99.86,95.14,59.81,0.18,5/17/22,5/23/22,1
20220510,CA,0,100,99.86,95.14,59.81,0,5/10/22,5/16/22,1
20220503,CA,0,100,100,95.18,40.51,0,5/3/22,5/9/22,1
20220426,CA,0,100,100,95.18,40.56,0,4/26/22,5/2/22,1
20220419,CA,0,100,100,95.18,40.81,0,4/19/22,4/25/22,1
20220412,CA,0,100,100,95.75,46.87,0,4/12/22,4/18/22,1
20220405,CA,0,100,100,93.65,40.67,0,4/5/22,4/11/22,1
20220329,CA,0,100,100,93.65,40.25,0,3/29/22,4/4/22,1
20220322,CA,0,100,100,93.65,37.69,0,3/22/22,3/28/22,1
20220315,CA,0,100,100,93.23,35.22,0,3/15/22,3/21/22,1
20220308,CA,0,100,100,86.98,12.82,0,3/8/22,3/14/22,1
20220301,CA,0,100,100,86.98,12.82,0,3/1/22,3/7/22,1
20220222,CA,0,100,100,68.77,6.7,0,2/22/22,2/28/22,1
20220215,CA,0,100,99.57,66.39,1.39,0,2/15/22,2/21/22,1
20220208,CA,0,100,99.25,66.39,1.39,0,2/8/22,2/14/22,1
20220201,CA,0,100,99.25,66.39,1.39,0,2/1/22,2/7/22,1
20220125,CA,0,100,99.25,66.39,1.39,0,1/25/22,1/31/22,1
20220118,CA,0,100,99.25,66.39,1.39,0,1/18/22,1/24/22,1
20220111,CA,0,100,99.25,66.39,1.39,0,1/11/22,1/17/22,1
20220104,CA,0,100,99.3,67.62,16.6,0.84,1/4/22,1/10/22,1
20211228,CA,0,100,100,86.28,32.93,0.84,12/28/21,1/3/22,1
20211221,CA,0,100,100,92.44,79.44,23.11,12/21/21,12/27/21,1
20211214,CA,0,100,100,92.43,80.28,28.27,12/14/21,12/20/21,1
20211207,CA,0,100,100,92.43,80.28,28.27,12/7/21,12/13/21,1
20211130,CA,0,100,100,92.43,80.28,28.27,11/30/21,12/6/21,1
20211123,CA,0,100,100,92.43,80.28,28.27,11/23/21,11/29/21,1
20211116,CA,0,100,100,92.43,80.28,37.62,11/16/21,11/22/21,1
20211109,CA,0,100,100,92.43,80.28,37.62,11/9/21,11/15/21,1
20211102,CA,0,100,100,93.81,83.33,38.74,11/2/21,11/8/21,1
20211026,CA,0,100,100,93.81,83.33,38.74,10/26/21,11/1/21,1
20211019,CA,0,100,100,93.81,87.18,45.66,10/19/21,10/25/21,1
20211012,CA,0,100,100,93.93,87.18,45.66,10/12/21,10/18/21,1
20211005,CA,0,100,100,93.93,87.88,45.66,10/5/21,10/11/21,1
20210928,CA,0,100,100,93.93,87.88,45.66,9/28/21,10/4/21,1
20210921,CA,0,100,100,93.93,87.88,45.66,9/21/21,9/27/21,1
20210914,CA,0,100,100,93.93,87.94,45.66,9/14/21,9/20/21,1
20210907,CA,0,100,100,93.93,87.94,45.66,9/7/21,9/13/21,1
20210831,CA,0,100,100,95.56,88.37,47.4,8/31/21,9/6/21,1
20210824,CA,0,100,100,95.58,88.37,47.4,8/24/21,8/30/21,1
20210817,CA,0,100,100,95.58,88.37,48.97,8/17/21,8/23/21,1
20210810,CA,0,100,100,95.07,88.37,47.1,8/10/21,8/16/21,1
20210803,CA,0,100,100,95.07,88.37,46.45,8/3/21,8/9/21,1
20210727,CA,0,100,100,95.09,88.59,46.49,7/27/21,8/2/21,1
20210720,CA,0,100,100,94.75,85.75,33.42,7/20/21,7/26/21,1
20210713,CA,0,100,100,94.75,85.73,33.32,7/13/21,7/19/21,1
20210706,CA,0,100,100,94.73,85.44,33.32,7/6/21,7/12/21,1
20210629,CA,0,100,100,94.73,85.44,33.32,6/29/21,7/5/21,1
20210622,CA,0,100,100,94.73,85.44,33.32,6/22/21,6/28/21,1
20210615,CA,0,100,100,94.75,85.44,33.32,6/15/21,6/21/21,1
20210608,CA,0,100,100,94.75,85.2,33.32,6/8/21,6/14/21,1
20210601,CA,0,100,100,94.61,74.46,26.04,6/1/21,6/7/21,1
20210525,CA,0,100,100,94.61,74.46,26.04,5/25/21,5/31/21,1
20210518,CA,0,100,100,94.31,73.33,15.91,5/18/21,5/24/21,1
20210511,CA,0,100,100,94.31,73.33,13.53,5/11/21,5/17/21,1
20210504,CA,0,100,97.52,92.88,73.31,5.36,5/4/21,5/10/21,1
20210427,CA,0,100,97.51,87.95,52.86,5.36,4/27/21,5/3/21,1
20210420,CA,0,100,96.54,85.37,49.86,5.36,4/20/21,4/26/21,1
20210413,CA,0.78,99.22,94.14,76.97,38.68,5.36,4/13/21,4/19/21,1
20210406,CA,0.77,99.23,92.65,69.68,35.42,5.36,4/6/21,4/12/21,1
20210330,CA,0.77,99.23,90.66,64.02,31.76,5.36,3/30/21,4/5/21,1
20210323,CA,0.7,99.3,90.66,64.02,31.76,5.36,3/23/21,3/29/21,1
20210316,CA,0.78,99.22,90.62,58.59,29.54,3.75,3/16/21,3/22/21,1
20210309,CA,0.75,99.25,90.89,58.59,29.54,3.75,3/9/21,3/15/21,1
20210302,CA,0.75,99.25,90.89,56.98,29.54,3.75,3/2/21,3/8/21,1
20210223,CA,0.7,99.3,84.88,56.98,29.54,3.75,2/23/21,3/1/21,1
20210216,CA,0.7,99.3,84.88,57.58,30.99,3.75,2/16/21,2/22/21,1
20210209,CA,0.64,99.36,85.1,57.87,31.41,3.75,2/9/21,2/15/21,1
20210202,CA,0,100,85.99,58.44,31.65,3.75,2/2/21,2/8/21,1
20210126,CA,0,100,95.2,75.74,39.46,3.86,1/26/21,2/1/21,1
20210119,CA,0,100,95.2,78.12,39.46,1.19,1/19/21,1/25/21,1
20210112,CA,0,100,95.2,79.1,39.5,1.19,1/12/21,1/18/21,1
20210105,CA,0,100,95.2,74.34,33.84,1.19,1/5/21,1/11/21,1
20201229,CA,0,100,95.17,74.34,33.75,1.19,12/29/20,1/4/21,1
20201222,CA,0,100,95.17,74.34,33.75,1.19,12/22/20,12/28/20,1
20201215,CA,0,100,95.17,74.35,33.75,1.19,12/15/20,12/21/20,1
20201208,CA,0,100,95.17,66.79,21.3,0,12/8/20,12/14/20,1
20201201,CA,3.46,96.54,75.03,48.19,19.36,0,12/1/20,12/7/20,1
20201124,CA,3.5,96.5,75.03,48.19,19.36,0,11/24/20,11/30/20,1
20201117,CA,15.61,84.39,70.91,41.25,15.83,0,11/17/20,11/23/20,1
20201110,CA,15.48,84.52,70.91,41.25,15.83,0,11/10/20,11/16/20,1
20201103,CA,15.48,84.52,67.54,35.61,12.74,0,11/3/20,11/9/20,1
20201027,CA,15.4,84.6,67.54,35.61,12.74,0,10/27/20,11/2/20,1
20201020,CA,15.4,84.6,67.54,35.61,12.74,0,10/20/20,10/26/20,1
20201013,CA,15.4,84.6,67.54,35.61,12.74,0,10/13/20,10/19/20,1
20201006,CA,15.4,84.6,67.54,35.61,12.74,0,10/6/20,10/12/20,1
20200929,CA,15.35,84.65,67.65,35.62,12.74,0,9/29/20,10/5/20,1
20200922,CA,15.62,84.38,67.09,35.27,3.39,0,9/22/20,9/28/20,1
20200915,CA,15.62,84.38,67.09,35.26,3.17,0,9/15/20,9/21/20,1
20200908,CA,20.45,79.55,54.18,32.98,3.04,0,9/8/20,9/14/20,1
20200901,CA,20.39,79.61,54.38,31.78,3.04,0,9/1/20,9/7/20,1
20200825,CA,20.55,79.45,54.38,31.88,3.04,0,8/25/20,8/31/20,1
20200818,CA,20.55,79.45,54.22,21.72,3.04,0,8/18/20,8/24/20,1
20200811,CA,33.74,66.26,50.39,21.72,3.04,0,8/11/20,8/17/20,1
20200804,CA,33.74,66.26,50.38,21.5,3.04,0,8/4/20,8/10/20,1
20200728,CA,40.34,59.66,50.38,21.5,3.04,0,7/28/20,8/3/20,1
20200721,CA,40.34,59.66,48.21,21.5,3.04,0,7/21/20,7/27/20,1
20200714,CA,40.38,59.62,48.19,21.5,2.45,0,7/14/20,7/20/20,1
20200707,CA,41.79,58.21,46.74,20.84,2.45,0,7/7/20,7/13/20,1
20200630,CA,41.79,58.21,46.74,20.84,2.45,0,6/30/20,7/6/20,1
20200623,CA,41.79,58.21,46.74,20.84,2.45,0,6/23/20,6/29/20,1
20200616,CA,41.79,58.21,46.74,20.84,2.45,0,6/16/20,6/22/20,1
20200609,CA,41.79,58.21,46.74,20.84,2.45,0,6/9/20,6/15/20,1
20200602,CA,41.8,58.2,46.67,20.84,2.97,0,6/2/20,6/8/20,1
20200526,CA,41.8,58.2,46.67,20.84,2.97,0,5/26/20,6/1/20,1
20200519,CA,41.8,58.2,46.67,20.84,2.97,0,5/19/20,5/25/20,1
20200512,CA,41.8,58.2,46.67,20.84,2.99,0,5/12/20,5/18/20,1
20200505,CA,41.8,58.2,42.87,19.56,3.94,0,5/5/20,5/11/20,1
20200428,CA,41.8,58.2,41.58,19.59,4.66,0,4/28/20,5/4/20,1
20200421,CA,41.8,58.2,35.7,19.59,4.66,0,4/21/20,4/27/20,1
20200414,CA,41.8,58.2,35.7,12.83,0,0,4/14/20,4/20/20,1
20200407,CA,32.29,67.71,43.31,1.3,0,0,4/7/20,4/13/20,1
20200331,CA,24.86,75.14,43.31,1.3,0,0,3/31/20,4/6/20,1
20200324,CA,24.86,75.14,40.42,1.3,0,0,3/24/20,3/30/20,1
20200317,CA,24.64,75.36,47.59,1.26,0,0,3/17/20,3/23/20,1
20200310,CA,21.5,78.5,48.09,0,0,0,3/10/20,3/16/20,1
20200303,CA,30.26,69.74,34.16,0,0,0,3/3/20,3/9/20,1
20200225,CA,30.26,69.74,23.34,0,0,0,2/25/20,3/2/20,1
20200218,CA,40.02,59.98,9.54,0,0,0,2/18/20,2/24/20,1
20200211,CA,53.85,46.15,9.54,0,0,0,2/11/20,2/17/20,1
20200204,CA,65.72,34.28,0,0,0,0,2/4/20,2/10/20,1
20200128,CA,65.72,34.28,0,0,0,0,1/28/20,2/3/20,1
20200121,CA,96.39,3.61,0,0,0,0,1/21/20,1/27/20,1
20200114,CA,96.39,3.61,0,0,0,0,1/14/20,1/20/20,1
20200107,CA,96.43,3.57,0,0,0,0,1/7/20,1/13/20,1
20191231,CA,96.43,3.57,0,0,0,0,12/31/19,1/6/20,1
20191224,CA,96.43,3.57,0,0,0,0,12/24/19,12/30/19,1
20191217,CA,96.43,3.57,0,0,0,0,12/17/19,12/23/19,1
20191210,CA,96.43,3.57,0,0,0,0,12/10/19,12/16/19,1
20191203,CA,14.74,85.26,0.01,0,0,0,12/3/19,12/9/19,1
20191126,CA,9.22,90.78,3.31,0.01,0,0,11/26/19,12/2/19,1
20191119,CA,18.55,81.45,3.59,0.01,0,0,11/19/19,11/25/19,1
20191112,CA,18.61,81.39,3.57,0.01,0,0,11/12/19,11/18/19,1
20191105,CA,82.26,17.74,2.06,0,0,0,11/5/19,11/11/19,1
20191029,CA,82.26,17.74,2.06,0,0,0,10/29/19,11/4/19,1
20191022,CA,82.26,17.74,2.06,0,0,0,10/22/19,10/28/19,1
20191015,CA,85.4,14.6,2.06,0,0,0,10/15/19,10/21/19,1
20191008,CA,95.29,4.71,2.06,0,0,0,10/8/19,10/14/19,1
20191001,CA,95.29,4.71,2.06,0,0,0,10/1/19,10/7/19,1
20190924,CA,89.73,10.27,2.06,0,0,0,9/24/19,9/30/19,1
20190917,CA,89.61,10.39,2.06,0,0,0,9/17/19,9/23/19,1
20190910,CA,90.94,9.06,1.09,0.01,0,0,9/10/19,9/16/19,1
20190903,CA,90.94,9.06,1.09,0,0,0,9/3/19,9/9/19,1
20190827,CA,90.94,9.06,1.09,0,0,0,8/27/19,9/2/19,1
20190820,CA,93.27,6.73,0,0,0,0,8/20/19,8/26/19,1
20190813,CA,94.07,5.93,0,0,0,0,8/13/19,8/19/19,1
20190806,CA,95.55,4.45,0,0,0,0,8/6/19,8/12/19,1
20190730,CA,95.68,4.32,0,0,0,0,7/30/19,8/5/19,1
20190723,CA,95.68,4.32,0,0,0,0,7/23/19,7/29/19,1
20190716,CA,95.68,4.32,0,0,0,0,7/16/19,7/22/19,1
20190709,CA,95.68,4.32,0,0,0,0,7/9/19,7/15/19,1
20190702,CA,95.68,4.32,0,0,0,0,7/2/19,7/8/19,1
20190625,CA,95.68,4.32,0,0,0,0,6/25/19,7/1/19,1
20190618,CA,95.68,4.32,0,0,0,0,6/18/19,6/24/19,1
20190611,CA,95.68,4.32,0,0,0,0,6/11/19,6/17/19,1
20190604,CA,95.68,4.32,0,0,0,0,6/4/19,6/10/19,1
20190528,CA,94.03,5.97,0,0,0,0,5/28/19,6/3/19,1
20190521,CA,94.03,5.97,0,0,0,0,5/21/19,5/27/19,1
20190514,CA,94.03,5.97,0,0,0,0,5/14/19,5/20/19,1
20190507,CA,94.03,5.97,0,0,0,0,5/7/19,5/13/19,1
20190430,CA,94.03,5.97,0,0,0,0,4/30/19,5/6/19,1
20190423,CA,94.03,5.97,0,0,0,0,4/23/19,4/29/19,1
20190416,CA,94.03,5.97,0,0,0,0,4/16/19,4/22/19,1
20190409,CA,94.03,5.97,0,0,0,0,4/9/19,4/15/19,1
20190402,CA,93.42,6.58,0,0,0,0,4/2/19,4/8/19,1
20190326,CA,93.42,6.58,0,0,0,0,3/26/19,4/1/19,1
20190319,CA,93.42,6.58,0,0,0,0,3/19/19,3/25/19,1
20190312,CA,93.42,6.58,0,0,0,0,3/12/19,3/18/19,1
20190305,CA,89.84,10.16,0.6,0,0,0,3/5/19,3/11/19,1
20190226,CA,87.17,12.83,2.33,0,0,0,2/26/19,3/4/19,1
20190219,CA,67.07,32.93,3.77,1.36,0,0,2/19/19,2/25/19,1
20190212,CA,36.77,63.23,10.55,1.63,0,0,2/12/19,2/18/19,1
20190205,CA,34.37,65.63,10.55,1.89,0,0,2/5/19,2/11/19,1
20190129,CA,23.93,76.07,23.66,1.89,0,0,1/29/19,2/4/19,1
20190122,CA,7.77,92.23,72.23,3.44,0.71,0,1/22/19,1/28/19,1
20190115,CA,7.77,92.23,75.17,5.54,0.71,0,1/15/19,1/21/19,1
20190108,CA,7.77,92.23,75.17,14.12,1.55,0,1/8/19,1/14/19,1
20190101,CA,7.77,92.23,75.17,14.12,2.1,0,1/1/19,1/7/19,1
20181225,CA,7.77,92.23,75.17,16.25,2.1,0,12/25/18,12/31/18,1
20181218,CA,7.77,92.23,75.17,16.87,2.1,0,12/18/18,12/24/18,1
20181211,CA,7.77,92.23,75.17,16.87,2.1,0,12/11/18,12/17/18,1
20181204,CA,7.77,92.23,79.69,18.34,3.78,0,12/4/18,12/10/18,1
20181127,CA,0,100,83.66,18.33,3.78,0,11/27/18,12/3/18,1
20181120,CA,0,100,77.62,18.36,3.78,0,11/20/18,11/26/18,1
20181113,CA,0,100,53.2,18.35,2.39,0,11/13/18,11/19/18,1
20181106,CA,0,100,51.92,18.35,2.39,0,11/6/18,11/12/18,1
20181030,CA,15.16,84.84,47.94,19.3,2.73,0,10/30/18,11/5/18,1
20181023,CA,15.16,84.84,47.94,19.3,2.73,0,10/23/18,10/29/18,1
20181016,CA,15.16,84.84,47.94,22.77,2.87,0,10/16/18,10/22/18,1
20181009,CA,15.16,84.84,47.94,22.77,4.87,0,10/9/18,10/15/18,1
20181002,CA,12.18,87.82,47.97,22.82,4.93,0,10/2/18,10/8/18,1
20180925,CA,12.18,87.82,47.97,22.82,4.94,0,9/25/18,10/1/18,1
20180918,CA,12.18,87.82,47.97,22.82,4.94,0,9/18/18,9/24/18,1
20180911,CA,12.18,87.82,47.97,22.82,4.94,0,9/11/18,9/17/18,1
20180904,CA,13.79,86.21,47.58,22.89,2.77,0,9/4/18,9/10/18,1
20180828,CA,13.79,86.21,47.58,21.05,2.77,0,8/28/18,9/3/18,1
20180821,CA,13.79,86.21,47.19,20.75,2.77,0,8/21/18,8/27/18,1
20180814,CA,13.84,86.16,47.19,20.75,2.77,0,8/14/18,8/20/18,1
20180807,CA,13.83,86.17,45.05,20.75,2.77,0,8/7/18,8/13/18,1
20180731,CA,13.84,86.16,44.8,20.75,2.77,0,7/31/18,8/6/18,1
20180724,CA,13.82,86.18,44.73,20.75,2.77,0,7/24/18,7/30/18,1
20180717,CA,14.85,85.15,44.14,20.75,2.77,0,7/17/18,7/23/18,1
20180710,CA,14.85,85.15,44.12,20.75,2.77,0,7/10/18,7/16/18,1
20180703,CA,14.85,85.15,44.17,20.75,2.77,0,7/3/18,7/9/18,1
20180626,CA,14.92,85.08,44.17,20.75,2.77,0,6/26/18,7/2/18,1
20180619,CA,30.37,69.63,37.07,20.75,2.77,0,6/19/18,6/25/18,1
20180612,CA,30.39,69.61,37.07,20.75,2.77,0,6/12/18,6/18/18,1
20180605,CA,30.39,69.61,37.08,20.75,2.78,0,6/5/18,6/11/18,1
20180529,CA,30.49,69.51,37.08,20.75,2.78,0,5/29/18,6/4/18,1
20180522,CA,30.49,69.51,37.08,20.75,2.78,0,5/22/18,5/28/18,1
20180515,CA,30.49,69.51,37.15,20.83,2.8,0,5/15/18,5/21/18,1
20180508,CA,34.19,65.81,37.1,13.99,2.8,0,5/8/18,5/14/18,1
20180501,CA,34.1,65.9,37.1,13.99,2.8,0,5/1/18,5/7/18,1
20180424,CA,34.1,65.9,37.1,13.77,2.55,0,4/24/18,4/30/18,1
20180417,CA,34.1,65.9,37.1,13.77,2.5,0,4/17/18,4/23/18,1
20180410,CA,33.85,66.15,37.1,13.77,2.5,0,4/10/18,4/16/18,1
20180403,CA,22.99,77.01,40.9,12.72,2.5,0,4/3/18,4/9/18,1
20180327,CA,22.99,77.01,40.77,12.56,2.5,0,3/27/18,4/2/18,1
20180320,CA,11.08,88.92,47.68,22.31,0.43,0,3/20/18,3/26/18,1
20180313,CA,11.08,88.92,47.68,22.31,0.43,0,3/13/18,3/19/18,1
20180306,CA,8.48,91.52,47.87,22.4,0.43,0,3/6/18,3/12/18,1
20180227,CA,8.48,91.52,47.87,19.98,0,0,2/27/18,3/5/18,1
20180220,CA,8.43,91.57,47.87,19.98,0,0,2/20/18,2/26/18,1
20180213,CA,18.29,81.71,45.71,19.98,0,0,2/13/18,2/19/18,1
20180206,CA,18.27,81.73,45.6,6.39,0,0,2/6/18,2/12/18,1
20180130,CA,26.67,73.33,43.72,4.92,0,0,1/30/18,2/5/18,1
20180123,CA,45.48,54.52,12.69,0,0,0,1/23/18,1/29/18,1
20180116,CA,53.21,46.79,12.69,0,0,0,1/16/18,1/22/18,1
20180109,CA,53.58,46.42,12.69,0,0,0,1/9/18,1/15/18,1
20180102,CA,55.7,44.3,12.69,0,0,0,1/2/18,1/8/18,1
20171226,CA,55.7,44.3,12.69,0,0,0,12/26/17,1/1/18,1
20171219,CA,55.7,44.3,12.69,0,0,0,12/19/17,12/25/17,1
20171212,CA,55.7,44.3,9.9,0,0,0,12/12/17,12/18/17,1
20171205,CA,65.38,34.62,9.9,0,0,0,12/5/17,12/11/17,1
20171128,CA,69.09,30.91,8.24,0,0,0,11/28/17,12/4/17,1
20171121,CA,73.98,26.02,8.24,0,0,0,11/21/17,11/27/17,1
20171114,CA,73.98,26.02,8.24,0,0,0,11/14/17,11/20/17,1
20171107,CA,77.9,22.1,8.24,0,0,0,11/7/17,11/13/17,1
20171031,CA,77.9,22.1,8.24,0,0,0,10/31/17,11/6/17,1
20171024,CA,77.9,22.1,8.24,0,0,0,10/24/17,10/30/17,1
20171017,CA,77.88,22.12,8.24,0,0,0,10/17/17,10/23/17,1
20171010,CA,77.88,22.12,8.24,0,0,0,10/10/17,10/16/17,1
20171003,CA,77.88,22.12,8.24,0,0,0,10/3/17,10/9/17,1
20170926,CA,77.88,22.12,8.24,0,0,0,9/26/17,10/2/17,1
20170919,CA,77.88,22.12,8.24,0.04,0,0,9/19/17,9/25/17,1
20170912,CA,77.88,22.12,8.24,0.04,0,0,9/12/17,9/18/17,1
20170905,CA,77.88,22.12,8.24,0.04,0,0,9/5/17,9/11/17,1
20170829,CA,77.88,22.12,8.24,0.04,0,0,8/29/17,9/4/17,1
20170822,CA,77.88,22.12,8.24,0.04,0,0,8/22/17,8/28/17,1
20170815,CA,77.86,22.14,8.24,0.04,0,0,8/15/17,8/21/17,1
20170808,CA,77.86,22.14,8.24,1.06,0,0,8/8/17,8/14/17,1
20170801,CA,77.86,22.14,8.24,1.06,0,0,8/1/17,8/7/17,1
20170725,CA,75.73,24.27,8.24,1.06,0,0,7/25/17,7/31/17,1
20170718,CA,75.69,24.31,8.24,1.06,0,0,7/18/17,7/24/17,1
20170711,CA,76.46,23.54,8.24,1.06,0,0,7/11/17,7/17/17,1
20170704,CA,76.46,23.54,8.24,1.06,0,0,7/4/17,7/10/17,1
20170627,CA,76.47,23.53,8.24,1.06,0,0,6/27/17,7/3/17,1
20170620,CA,76.47,23.53,8.24,1.06,0,0,6/20/17,6/26/17,1
20170613,CA,76.47,23.53,8.24,1.06,0,0,6/13/17,6/19/17,1
20170606,CA,76.47,23.53,8.24,1.06,0,0,6/6/17,6/12/17,1
20170530,CA,76.47,23.53,8.24,1.06,0,0,5/30/17,6/5/17,1
20170523,CA,76.47,23.53,8.24,1.06,0,0,5/23/17,5/29/17,1
20170516,CA,76.47,23.53,8.24,1.06,0,0,5/16/17,5/22/17,1
20170509,CA,76.47,23.53,8.24,1.06,0,0,5/9/17,5/15/17,1
20170502,CA,76.47,23.53,8.24,1.06,0,0,5/2/17,5/8/17,1
20170425,CA,76.54,23.46,8.24,1.06,0,0,4/25/17,5/1/17,1
20170418,CA,76.54,23.46,8.24,1.06,0,0,4/18/17,4/24/17,1
20170411,CA,76.54,23.46,8.24,1.06,0,0,4/11/17,4/17/17,1
20170404,CA,76.54,23.46,8.24,1.06,0,0,4/4/17,4/10/17,1
20170328,CA,76.54,23.46,8.24,1.06,0,0,3/28/17,4/3/17,1
20170321,CA,76.54,23.46,8.24,1.06,0,0,3/21/17,3/27/17,1
20170314,CA,76.54,23.46,8.24,1.06,0,0,3/14/17,3/20/17,1
20170307,CA,76.54,23.46,8.24,1.1,0,0,3/7/17,3/13/17,1
20170228,CA,74.49,25.51,8.73,4.08,0,0,2/28/17,3/6/17,1
20170221,CA,61.66,38.34,16.87,4.19,0,0,2/21/17,2/27/17,1
20170214,CA,43.94,56.06,24.19,7.41,0.73,0,2/14/17,2/20/17,1
20170207,CA,41.46,58.54,46.99,10.93,0.73,0,2/7/17,2/13/17,1
20170131,CA,38.98,61.02,50.8,20.3,1.87,0,1/31/17,2/6/17,1
20170124,CA,38.73,61.27,51.4,26.46,2.16,0,1/24/17,1/30/17,1
20170117,CA,35.56,64.44,57.51,44.35,24.3,2.13,1/17/17,1/23/17,1
20170110,CA,34.62,65.38,58.22,49.22,27.8,2.13,1/10/17,1/16/17,1
20170103,CA,18.07,81.93,67.61,54.02,38.17,18.31,1/3/17,1/9/17,1
20161227,CA,17.47,82.53,68.87,57.79,40.6,18.31,12/27/16,1/2/17,1
20161220,CA,15.09,84.91,70.11,59.09,41.55,19.75,12/20/16,12/26/16,1
20161213,CA,12.16,87.84,73.04,60.27,42.8,21.04,12/13/16,12/19/16,1
20161206,CA,12.03,87.97,73.04,60.27,42.8,21.04,12/6/16,12/12/16,1
20161129,CA,12.03,87.97,73.04,60.27,42.8,21.04,11/29/16,12/5/16,1
20161122,CA,12.03,87.97,73.04,60.27,42.8,21.04,11/22/16,11/28/16,1
20161115,CA,12.03,87.97,73.04,60.27,42.8,21.04,11/15/16,11/21/16,1
20161108,CA,12.03,87.97,73.04,60.27,42.8,21.04,11/8/16,11/14/16,1
20161101,CA,12.03,87.97,75.26,61.38,42.8,21.04,11/1/16,11/7/16,1
20161025,CA,8.96,91.04,81.12,61.81,42.8,21.04,10/25/16,10/31/16,1
20161018,CA,7.77,92.23,81.12,61.81,42.8,21.04,10/18/16,10/24/16,1
20161011,CA,0,100,83.59,62.27,42.8,21.04,10/11/16,10/17/16,1
20161004,CA,0,100,83.59,62.27,42.8,21.04,10/4/16,10/10/16,1
20160927,CA,0,100,83.59,62.27,42.8,21.04,9/27/16,10/3/16,1
20160920,CA,0,100,83.59,62.27,42.8,21.04,9/20/16,9/26/16,1
20160913,CA,0,100,83.59,62.27,42.8,21.04,9/13/16,9/19/16,1
20160906,CA,0,100,83.59,59.02,42.8,21.04,9/6/16,9/12/16,1
20160830,CA,0,100,83.59,59.02,42.8,21.04,8/30/16,9/5/16,1
20160823,CA,0,100,83.59,59.02,42.8,21.04,8/23/16,8/29/16,1
20160816,CA,0,100,83.59,59.02,42.8,21.04,8/16/16,8/22/16,1
20160809,CA,0,100,83.59,59.02,42.8,21.04,8/9/16,8/15/16,1
20160802,CA,0,100,83.59,59.02,42.8,21.04,8/2/16,8/8/16,1
20160726,CA,0,100,83.59,59.02,42.8,21.04,7/26/16,8/1/16,1
20160719,CA,0,100,83.59,59.02,42.8,21.04,7/19/16,7/25/16,1
20160712,CA,0,100,83.59,59.02,42.8,21.04,7/12/16,7/18/16,1
20160705,CA,0,100,83.59,59.02,42.8,21.04,7/5/16,7/11/16,1
20160628,CA,0,100,83.59,59.02,42.8,21.04,6/28/16,7/4/16,1
20160621,CA,0,100,83.59,59.02,42.8,21.04,6/21/16,6/27/16,1
20160614,CA,0,100,83.59,59.02,42.8,21.04,6/14/16,6/20/16,1
20160607,CA,4.27,95.73,83.91,59.02,42.99,21.04,6/7/16,6/13/16,1
20160531,CA,6.08,93.92,83.91,59.02,42.99,21.04,5/31/16,6/6/16,1
20160524,CA,5.5,94.5,86.39,61,42.99,21.04,5/24/16,5/30/16,1
20160517,CA,5.5,94.5,86.39,63.57,42.99,21.04,5/17/16,5/23/16,1
20160510,CA,4.27,95.73,89.68,72.72,47.92,21.04,5/10/16,5/16/16,1
20160503,CA,4.27,95.73,89.68,74.37,49.15,21.04,5/3/16,5/9/16,1
20160426,CA,4.24,95.76,90.09,74.37,49.15,21.04,4/26/16,5/2/16,1
20160419,CA,4.24,95.76,90.09,74.37,49.15,21.04,4/19/16,4/25/16,1
20160412,CA,3.55,96.45,90.58,74.37,55.25,31.68,4/12/16,4/18/16,1
20160405,CA,3.55,96.45,90.58,74.37,55.25,31.68,4/5/16,4/11/16,1
20160329,CA,3.55,96.45,90.58,72.82,55.25,34.74,3/29/16,4/4/16,1
20160322,CA,1.16,98.84,91.55,72.86,55.31,34.74,3/22/16,3/28/16,1
20160315,CA,0.43,99.57,93.28,73.64,55.31,34.74,3/15/16,3/21/16,1
20160308,CA,0.43,99.57,97.49,83.16,60.86,38.48,3/8/16,3/14/16,1
20160301,CA,0.43,99.57,95.13,82.66,60.86,38.48,3/1/16,3/7/16,1
20160223,CA,0.43,99.57,94.38,81.82,60.86,38.48,2/23/16,2/29/16,1
20160216,CA,0.29,99.71,94.69,81.82,61.4,38.48,2/16/16,2/22/16,1
20160209,CA,0.22,99.78,94.77,81.82,61.4,38.48,2/9/16,2/15/16,1
20160202,CA,0,100,95.26,86.13,63.9,39.41,2/2/16,2/8/16,1
20160126,CA,0,100,95.35,86.13,63.96,40.21,1/26/16,2/1/16,1
20160119,CA,0,100,97.17,86.13,68.15,42.66,1/19/16,1/25/16,1
20160112,CA,0,100,97.33,87.55,69.07,42.66,1/12/16,1/18/16,1
20160105,CA,0,100,97.33,87.55,69.07,44.84,1/5/16,1/11/16,1
20151229,CA,0,100,97.33,87.55,69.07,44.84,12/29/15,1/4/16,1
20151222,CA,0,100,97.33,90.63,69.09,44.84,12/22/15,12/28/15,1
20151215,CA,0.14,99.86,97.33,90.63,69.09,44.84,12/15/15,12/21/15,1
20151208,CA,0.14,99.86,97.33,92.26,69.09,44.84,12/8/15,12/14/15,1
20151201,CA,0.14,99.86,97.33,92.26,70.55,44.84,12/1/15,12/7/15,1
20151124,CA,0.14,99.86,97.33,92.26,70.55,44.84,11/24/15,11/30/15,1
20151117,CA,0.14,99.86,97.33,92.26,70.55,44.84,11/17/15,11/23/15,1
20151110,CA,0.14,99.86,97.33,92.27,70.55,44.84,11/10/15,11/16/15,1
20151103,CA,0.14,99.86,97.33,92.27,70.55,44.84,11/3/15,11/9/15,1
20151027,CA,0.14,99.86,97.33,92.27,71.08,46,10/27/15,11/2/15,1
20151020,CA,0.14,99.86,97.33,92.27,71.08,46,10/20/15,10/26/15,1
20151013,CA,0.14,99.86,97.33,92.36,71.08,46,10/13/15,10/19/15,1
20151006,CA,0.14,99.86,97.33,92.36,71.08,46,10/6/15,10/12/15,1
20150929,CA,0.14,99.86,97.33,92.36,71.08,46,9/29/15,10/5/15,1
20150922,CA,0.14,99.86,97.33,92.36,71.08,46,9/22/15,9/28/15,1
20150915,CA,0.14,99.86,97.33,92.36,71.08,46,9/15/15,9/21/15,1
20150908,CA,0.14,99.86,97.35,92.36,71.08,46,9/8/15,9/14/15,1
20150901,CA,0.14,99.86,97.35,92.36,71.08,46,9/1/15,9/7/15,1
20150825,CA,0.14,99.86,97.35,92.36,71.08,46,8/25/15,8/31/15,1
20150818,CA,0.14,99.86,97.35,92.36,71.08,46,8/18/15,8/24/15,1
20150811,CA,0.14,99.86,97.35,92.36,71.08,46,8/11/15,8/17/15,1
20150804,CA,0.14,99.86,97.35,94.59,71.08,46,8/4/15,8/10/15,1
20150728,CA,0.14,99.86,97.35,94.59,71.08,46,7/28/15,8/3/15,1
20150721,CA,0.14,99.86,97.35,94.59,71.08,46,7/21/15,7/27/15,1
20150714,CA,0.14,99.86,98.71,94.59,71.08,46,7/14/15,7/20/15,1
20150707,CA,0.14,99.86,98.71,94.59,71.08,46.73,7/7/15,7/13/15,1
20150630,CA,0.14,99.86,98.71,94.59,71.08,46.73,6/30/15,7/6/15,1
20150623,CA,0.14,99.86,98.71,94.59,71.08,46.73,6/23/15,6/29/15,1
20150616,CA,0.14,99.86,98.71,94.59,71.08,46.73,6/16/15,6/22/15,1
20150609,CA,0.14,99.86,98.71,93.91,71.08,46.73,6/9/15,6/15/15,1
20150602,CA,0.14,99.86,98.71,93.91,69.61,46.73,6/2/15,6/8/15,1
20150526,CA,0.14,99.86,98.71,93.91,66.6,46.73,5/26/15,6/1/15,1
20150519,CA,0.14,99.86,98.28,93.91,66.6,46.77,5/19/15,5/25/15,1
20150512,CA,0.14,99.86,98.28,93.91,66.6,46.77,5/12/15,5/18/15,1
20150505,CA,0.14,99.86,98.28,93.91,66.6,46.77,5/5/15,5/11/15,1
20150428,CA,0.14,99.86,98.11,93.44,66.6,46.77,4/28/15,5/4/15,1
20150421,CA,0.14,99.86,98.11,93.44,66.6,46.77,4/21/15,4/27/15,1
20150414,CA,0.14,99.86,98.11,93.44,66.6,44.32,4/14/15,4/20/15,1
20150407,CA,0.15,99.85,98.11,93.44,66.6,44.32,4/7/15,4/13/15,1
20150331,CA,0.15,99.85,98.11,93.44,66.6,41.41,3/31/15,4/6/15,1
20150324,CA,0.15,99.85,98.11,93.44,66.6,41.41,3/24/15,3/30/15,1
20150317,CA,0.16,99.84,98.11,93.44,67.46,39.92,3/17/15,3/23/15,1
20150310,CA,0.16,99.84,98.11,93.44,67.46,39.92,3/10/15,3/16/15,1
20150303,CA,0.16,99.84,98.1,93.44,67.46,39.92,3/3/15,3/9/15,1
20150224,CA,0.16,99.84,98.1,93.44,67.46,39.92,2/24/15,3/2/15,1
20150217,CA,0.16,99.84,98.1,93.44,67.46,41.2,2/17/15,2/23/15,1
20150210,CA,0.16,99.84,98.1,93.44,67.46,39.99,2/10/15,2/16/15,1
20150203,CA,0.16,99.84,98.13,93.57,77.46,39.99,2/3/15,2/9/15,1
20150127,CA,0,100,98.13,94.34,77.52,39.99,1/27/15,2/2/15,1
20150120,CA,0,100,98.13,94.34,77.52,39.15,1/20/15,1/26/15,1
20150113,CA,0,100,98.12,94.34,77.52,39.15,1/13/15,1/19/15,1
20150106,CA,0,100,98.12,94.34,77.94,32.21,1/6/15,1/12/15,1
20141230,CA,0,100,98.12,94.34,77.94,32.21,12/30/14,1/5/15,1
20141223,CA,0,100,98.41,94.42,77.94,32.21,12/23/14,12/29/14,1
20141216,CA,0,100,98.41,94.42,77.94,32.21,12/16/14,12/22/14,1
20141209,CA,0,100,99.72,94.42,79.69,55.08,12/9/14,12/15/14,1
20141202,CA,0,100,99.72,94.42,79.69,55.08,12/2/14,12/8/14,1
20141125,CA,0,100,99.72,94.42,79.69,55.08,11/25/14,12/1/14,1
20141118,CA,0,100,99.72,94.42,79.69,55.08,11/18/14,11/24/14,1
20141111,CA,0,100,99.72,94.42,79.69,55.08,11/11/14,11/17/14,1
20141104,CA,0,100,99.71,94.42,79.69,55.08,11/4/14,11/10/14,1
20141028,CA,0,100,100,95.04,81.92,58.41,10/28/14,11/3/14,1
20141021,CA,0,100,100,95.04,81.92,58.41,10/21/14,10/27/14,1
20141014,CA,0,100,100,95.04,81.92,58.41,10/14/14,10/20/14,1
20141007,CA,0,100,100,95.04,81.92,58.41,10/7/14,10/13/14,1
20140930,CA,0,100,100,95.04,81.92,58.41,9/30/14,10/6/14,1
20140923,CA,0,100,100,95.34,81.92,58.41,9/23/14,9/29/14,1
20140916,CA,0,100,100,95.42,81.92,58.41,9/16/14,9/22/14,1
20140909,CA,0,100,100,95.42,81.92,58.41,9/9/14,9/15/14,1
20140902,CA,0,100,100,95.42,81.92,58.41,9/2/14,9/8/14,1
20140826,CA,0,100,100,95.42,81.92,58.41,8/26/14,9/1/14,1
20140819,CA,0,100,100,97.59,81.92,58.41,8/19/14,8/25/14,1
20140812,CA,0,100,100,99.8,81.92,58.41,8/12/14,8/18/14,1
20140805,CA,0,100,100,99.8,81.92,58.41,8/5/14,8/11/14,1
20140729,CA,0,100,100,100,81.89,58.41,7/29/14,8/4/14,1
20140722,CA,0,100,100,100,81.89,36.49,7/22/14,7/28/14,1
20140715,CA,0,100,100,100,81.85,36.49,7/15/14,7/21/14,1
20140708,CA,0,100,100,100,78.97,36.46,7/8/14,7/14/14,1
20140701,CA,0,100,100,100,78.97,36.46,7/1/14,7/7/14,1
20140624,CA,0,100,100,100,76.69,32.98,6/24/14,6/30/14,1
20140617,CA,0,100,100,100,76.69,32.98,6/17/14,6/23/14,1
20140610,CA,0,100,100,100,76.68,24.77,6/10/14,6/16/14,1
20140603,CA,0,100,100,100,76.68,24.77,6/3/14,6/9/14,1
20140527,CA,0,100,100,100,76.68,24.77,5/27/14,6/2/14,1
20140520,CA,0,100,100,100,76.68,24.77,5/20/14,5/26/14,1
20140513,CA,0,100,100,100,76.68,24.77,5/13/14,5/19/14,1
20140506,CA,0,100,100,95.93,76.68,24.77,5/6/14,5/12/14,1
20140429,CA,0,100,100,96.01,76.68,24.77,4/29/14,5/5/14,1
20140422,CA,0,100,100,96.01,76.68,24.77,4/22/14,4/28/14,1
20140415,CA,0,100,99.8,95.21,68.76,23.49,4/15/14,4/21/14,1
20140408,CA,0,100,99.81,95.21,68.76,23.49,4/8/14,4/14/14,1
20140401,CA,0,100,99.81,95.21,68.76,23.49,4/1/14,4/7/14,1
20140325,CA,0,100,99.8,95.21,71.78,23.42,3/25/14,3/31/14,1
20140318,CA,0.01,99.99,99.8,93.08,71.78,22.37,3/18/14,3/24/14,1
20140311,CA,0.01,99.99,94.56,90.81,65.89,22.37,3/11/14,3/17/14,1
20140304,CA,0,100,94.56,90.82,65.89,22.37,3/4/14,3/10/14,1
20140225,CA,0,100,94.56,90.82,73.83,26.21,2/25/14,3/3/14,1
20140218,CA,0,100,94.54,90.82,68.3,14.62,2/18/14,2/24/14,1
20140211,CA,1.43,98.57,94.54,91.59,60.94,9.81,2/11/14,2/17/14,1
20140204,CA,1.43,98.57,94.18,89.91,67.13,9.81,2/4/14,2/10/14,1
20140128,CA,1.43,98.57,94.18,89.91,67.13,8.77,1/28/14,2/3/14,1
20140121,CA,1.43,98.57,94.18,89.91,62.71,0,1/21/14,1/27/14,1
20140114,CA,1.43,98.57,94.18,89.91,62.71,0,1/14/14,1/20/14,1
20140107,CA,1.43,98.57,94.25,87.53,27.59,0,1/7/14,1/13/14,1
20131231,CA,2.61,97.39,94.25,87.53,27.59,0,12/31/13,1/6/14,1
20131224,CA,2.61,97.39,94.25,84.88,27.59,0,12/24/13,12/30/13,1
20131217,CA,2.61,97.39,94.25,82.53,27.59,0,12/17/13,12/23/13,1
20131210,CA,2.61,97.39,94.15,82.53,27.59,0,12/10/13,12/16/13,1
20131203,CA,2.61,97.39,94.15,82.53,27.59,0,12/3/13,12/9/13,1
20131126,CA,2.61,97.39,94.15,82.53,27.59,0,11/26/13,12/2/13,1
20131119,CA,2.61,97.39,96,84.12,27.59,0,11/19/13,11/25/13,1
20131112,CA,2.61,97.39,96,84.12,11.36,0,11/12/13,11/18/13,1
20131105,CA,2.62,97.38,95.98,84.12,11.36,0,11/5/13,11/11/13,1
20131029,CA,2.66,97.34,95.98,84.12,11.36,0,10/29/13,11/4/13,1
20131022,CA,2.66,97.34,95.98,84.12,11.36,0,10/22/13,10/28/13,1
20131015,CA,2.65,97.35,95.95,84.12,11.36,0,10/15/13,10/21/13,1
20131008,CA,2.52,97.48,95.95,84.12,11.36,0,10/8/13,10/14/13,1
20131001,CA,2.63,97.37,95.95,84.12,11.36,0,10/1/13,10/7/13,1
20130924,CA,2.63,97.37,96.04,89.84,11.36,0,9/24/13,9/30/13,1
20130917,CA,2.63,97.37,96.04,89.84,11.36,0,9/17/13,9/23/13,1
20130910,CA,0,100,97.08,92.94,11.36,0,9/10/13,9/16/13,1
20130903,CA,0,100,97.08,92.94,11.36,0,9/3/13,9/9/13,1
20130827,CA,0,100,98.23,93.86,11.36,0,8/27/13,9/2/13,1
20130820,CA,0,100,98.23,93.86,11.36,0,8/20/13,8/26/13,1
20130813,CA,0,100,98.23,93.86,11.36,0,8/13/13,8/19/13,1
20130806,CA,0,100,98.23,93.86,0,0,8/6/13,8/12/13,1
20130730,CA,0,100,98.23,93.86,0,0,7/30/13,8/5/13,1
20130723,CA,0,100,98.23,93.96,0,0,7/23/13,7/29/13,1
20130716,CA,0,100,98.23,93.96,0,0,7/16/13,7/22/13,1
20130709,CA,0,100,98.23,92.7,0,0,7/9/13,7/15/13,1
20130702,CA,0,100,98.23,92.7,0,0,7/2/13,7/8/13,1
20130625,CA,0,100,98.21,92.61,0,0,6/25/13,7/1/13,1
20130618,CA,0,100,98.21,67.07,0,0,6/18/13,6/24/13,1
20130611,CA,0,100,98.16,53.54,0,0,6/11/13,6/17/13,1
20130604,CA,0,100,98.16,53.64,0,0,6/4/13,6/10/13,1
20130528,CA,0,100,98.16,46.25,0,0,5/28/13,6/3/13,1
20130521,CA,0,100,98.16,46.25,0,0,5/21/13,5/27/13,1
20130514,CA,0,100,98.16,46.25,0,0,5/14/13,5/20/13,1
20130507,CA,0,100,98.16,46.25,0,0,5/7/13,5/13/13,1
20130430,CA,0,100,64.3,32.82,0,0,4/30/13,5/6/13,1
20130423,CA,2.84,97.16,63.42,30,0,0,4/23/13,4/29/13,1
20130416,CA,2.84,97.16,48.39,23.22,0,0,4/16/13,4/22/13,1
20130409,CA,2.84,97.16,48.39,23.22,0,0,4/9/13,4/15/13,1
20130402,CA,0,100,48.38,24.22,0,0,4/2/13,4/8/13,1
20130326,CA,0,100,48.38,24.22,0,0,3/26/13,4/1/13,1
20130319,CA,12.85,87.15,48.38,24.19,0,0,3/19/13,3/25/13,1
20130312,CA,15.63,84.37,46.23,24.19,0,0,3/12/13,3/18/13,1
20130305,CA,0.03,99.97,47.37,26.96,0,0,3/5/13,3/11/13,1
20130226,CA,0.02,99.98,47.13,26.96,0,0,2/26/13,3/4/13,1
20130219,CA,15.45,84.55,47.18,23.72,0,0,2/19/13,2/25/13,1
20130212,CA,34.53,65.47,47.18,23.72,0,0,2/12/13,2/18/13,1
20130205,CA,34.2,65.8,47.18,21.57,0,0,2/5/13,2/11/13,1
20130129,CA,34.2,65.8,47.18,21.57,0,0,1/29/13,2/4/13,1
20130122,CA,34.2,65.8,53.58,21.57,0,0,1/22/13,1/28/13,1
20130115,CA,34.2,65.8,53.58,21.57,0,0,1/15/13,1/21/13,1
20130108,CA,32.42,67.58,55.02,21.37,0,0,1/8/13,1/14/13,1
20130101,CA,31.75,68.25,55.32,22.5,0,0,1/1/13,1/7/13,1
20121225,CA,30.94,69.06,56.19,25.22,0.05,0,12/25/12,12/31/12,1
20121218,CA,30.94,69.06,56.19,26.15,0.05,0,12/18/12,12/24/12,1
20121211,CA,30.94,69.06,57.94,26.59,0.05,0,12/11/12,12/17/12,1
20121204,CA,23.15,76.85,59.36,26.59,0.05,0,12/4/12,12/10/12,1
20121127,CA,6.77,93.23,70.47,28.16,1.14,0,11/27/12,12/3/12,1
20121120,CA,4.82,95.18,67.67,21.61,1.14,0,11/20/12,11/26/12,1
20121113,CA,7.19,92.81,66.37,19.1,1.14,0,11/13/12,11/19/12,1
20121106,CA,7.19,92.81,67.75,19.1,1.14,0,11/6/12,11/12/12,1
20121030,CA,6.73,93.27,68.48,19.1,1.14,0,10/30/12,11/5/12,1
20121023,CA,6.75,93.25,68.48,19.1,1.14,0,10/23/12,10/29/12,1
20121016,CA,6.64,93.36,68.48,19.1,1.14,0,10/16/12,10/22/12,1
20121009,CA,6.64,93.36,69.57,21.98,1.14,0,10/9/12,10/15/12,1
20121002,CA,11.94,88.06,69.41,21.98,1.14,0,10/2/12,10/8/12,1
20120925,CA,11.95,88.05,69.41,22.27,1.14,0,9/25/12,10/1/12,1
20120918,CA,11.95,88.05,69.09,22.27,1.14,0,9/18/12,9/24/12,1
20120911,CA,11.74,88.26,69.13,22.31,1.14,0,9/11/12,9/17/12,1
20120904,CA,11.74,88.26,69.28,22.76,1.14,0,9/4/12,9/10/12,1
20120828,CA,11.74,88.26,69.44,23.05,1.14,0,8/28/12,9/3/12,1
20120821,CA,11.3,88.7,69.2,23.3,0.29,0,8/21/12,8/27/12,1
20120814,CA,11.3,88.7,63.84,23.31,0.29,0,8/14/12,8/20/12,1
20120807,CA,11.64,88.36,63.8,23.31,0.29,0,8/7/12,8/13/12,1
20120731,CA,11.64,88.36,63.8,23.6,0.29,0,7/31/12,8/6/12,1
20120724,CA,11.64,88.36,63.8,26.85,0.29,0,7/24/12,7/30/12,1
20120717,CA,15.88,84.12,59.74,22.92,0,0,7/17/12,7/23/12,1
20120710,CA,15.88,84.12,59.74,22.92,0,0,7/10/12,7/16/12,1
20120703,CA,15.88,84.12,59.77,22.92,0,0,7/3/12,7/9/12,1
20120626,CA,15.89,84.11,59.51,22.76,0,0,6/26/12,7/2/12,1
20120619,CA,15.89,84.11,59.51,22.6,0,0,6/19/12,6/25/12,1
20120612,CA,15.89,84.11,58.89,22.6,0,0,6/12/12,6/18/12,1
20120605,CA,15.89,84.11,58.89,22.6,0,0,6/5/12,6/11/12,1
20120529,CA,15.89,84.11,58.89,22.6,0,0,5/29/12,6/4/12,1
20120522,CA,15.89,84.11,58.89,22.6,0,0,5/22/12,5/28/12,1
20120515,CA,15.89,84.11,58.89,22.6,0,0,5/15/12,5/21/12,1
20120508,CA,15.89,84.11,58.89,21.14,0,0,5/8/12,5/14/12,1
20120501,CA,15.84,84.16,58.97,21.14,0,0,5/1/12,5/7/12,1
20120424,CA,15.84,84.16,60.23,22.87,0,0,4/24/12,4/30/12,1
20120417,CA,15.84,84.16,60.23,26.35,0,0,4/17/12,4/23/12,1
20120410,CA,4.89,95.11,81.47,49,0,0,4/10/12,4/16/12,1
20120403,CA,3.54,96.46,82.01,46.25,0,0,4/3/12,4/9/12,1
20120327,CA,2.22,97.78,89.61,46.25,0,0,3/27/12,4/2/12,1
20120320,CA,2.22,97.78,89.61,40.14,0,0,3/20/12,3/26/12,1
20120313,CA,0.11,99.89,90.14,45.73,0,0,3/13/12,3/19/12,1
20120306,CA,4.39,95.61,75.24,16.02,0,0,3/6/12,3/12/12,1
20120228,CA,4.39,95.61,72.09,16.02,0,0,2/28/12,3/5/12,1
20120221,CA,4.77,95.23,67.76,5.06,0,0,2/21/12,2/27/12,1
20120214,CA,10.37,89.63,59.06,0,0,0,2/14/12,2/20/12,1
20120207,CA,10.37,89.63,59.06,0,0,0,2/7/12,2/13/12,1
20120131,CA,11.09,88.91,57.33,0,0,0,1/31/12,2/6/12,1
20120124,CA,19.12,80.88,41.23,0,0,0,1/24/12,1/30/12,1
20120117,CA,18.74,81.26,46.34,3.1,0,0,1/17/12,1/23/12,1
20120110,CA,19.1,80.9,46.34,3.1,0,0,1/10/12,1/16/12,1
20120103,CA,29.91,70.09,46.34,0,0,0,1/3/12,1/9/12,1
20111227,CA,33.91,66.09,5.41,0,0,0,12/27/11,1/2/12,1
20111220,CA,71.58,28.42,0,0,0,0,12/20/11,12/26/11,1
20111213,CA,74.32,25.68,0,0,0,0,12/13/11,12/19/11,1
20111206,CA,82.53,17.47,0,0,0,0,12/6/11,12/12/11,1
20111129,CA,88.32,11.68,0,0,0,0,11/29/11,12/5/11,1
20111122,CA,88.42,11.58,0,0,0,0,11/22/11,11/28/11,1
20111115,CA,88.42,11.58,0,0,0,0,11/15/11,11/21/11,1
20111108,CA,88.51,11.49,0,0,0,0,11/8/11,11/14/11,1
20111101,CA,89.22,10.78,0,0,0,0,11/1/11,11/7/11,1
20111025,CA,89.25,10.75,0,0,0,0,10/25/11,10/31/11,1
20111018,CA,89.25,10.75,0,0,0,0,10/18/11,10/24/11,1
20111011,CA,89.25,10.75,0,0,0,0,10/11/11,10/17/11,1
20111004,CA,89.25,10.75,0,0,0,0,10/4/11,10/10/11,1
20110927,CA,89.14,10.86,0,0,0,0,9/27/11,10/3/11,1
20110920,CA,89.14,10.86,0,0,0,0,9/20/11,9/26/11,1
20110913,CA,87.36,12.64,0,0,0,0,9/13/11,9/19/11,1
20110906,CA,87.55,12.45,0,0,0,0,9/6/11,9/12/11,1
20110830,CA,92.14,7.86,0,0,0,0,8/30/11,9/5/11,1
20110823,CA,92.12,7.88,0,0,0,0,8/23/11,8/29/11,1
20110816,CA,92.12,7.88,0,0,0,0,8/16/11,8/22/11,1
20110809,CA,85.34,14.66,0,0,0,0,8/9/11,8/15/11,1
20110802,CA,85.34,14.66,0,0,0,0,8/2/11,8/8/11,1
20110726,CA,85.34,14.66,0,0,0,0,7/26/11,8/1/11,1
20110719,CA,85.34,14.66,0,0,0,0,7/19/11,7/25/11,1
20110712,CA,87.87,12.13,0,0,0,0,7/12/11,7/18/11,1
20110705,CA,87.71,12.29,0,0,0,0,7/5/11,7/11/11,1
20110628,CA,87.71,12.29,0,0,0,0,6/28/11,7/4/11,1
20110621,CA,99.99,0.01,0,0,0,0,6/21/11,6/27/11,1
20110614,CA,99.99,0.01,0,0,0,0,6/14/11,6/20/11,1
20110607,CA,99.99,0.01,0,0,0,0,6/7/11,6/13/11,1
20110531,CA,99.99,0.01,0,0,0,0,5/31/11,6/6/11,1
20110524,CA,99.99,0.01,0,0,0,0,5/24/11,5/30/11,1
20110517,CA,99.99,0.01,0,0,0,0,5/17/11,5/23/11,1
20110510,CA,99.99,0.01,0,0,0,0,5/10/11,5/16/11,1
20110503,CA,99.99,0.01,0,0,0,0,5/3/11,5/9/11,1
20110426,CA,99.99,0.01,0,0,0,0,4/26/11,5/2/11,1
20110419,CA,99.99,0.01,0,0,0,0,4/19/11,4/25/11,1
20110412,CA,99.99,0.01,0,0,0,0,4/12/11,4/18/11,1
20110405,CA,99.99,0.01,0,0,0,0,4/5/11,4/11/11,1
20110329,CA,99.94,0.06,0,0,0,0,3/29/11,4/4/11,1
20110322,CA,96.87,3.13,0,0,0,0,3/22/11,3/28/11,1
20110315,CA,94.2,5.8,0,0,0,0,3/15/11,3/21/11,1
20110308,CA,94.2,5.8,0,0,0,0,3/8/11,3/14/11,1
20110301,CA,99.94,0.06,0,0,0,0,3/1/11,3/7/11,1
20110222,CA,99.94,0.06,0,0,0,0,2/22/11,2/28/11,1
20110215,CA,77.34,22.66,0,0,0,0,2/15/11,2/21/11,1
20110208,CA,77.34,22.66,0,0,0,0,2/8/11,2/14/11,1
20110201,CA,99.94,0.06,0,0,0,0,2/1/11,2/7/11,1
20110125,CA,99.94,0.06,0,0,0,0,1/25/11,1/31/11,1
20110118,CA,99.94,0.06,0,0,0,0,1/18/11,1/24/11,1
20110111,CA,99.93,0.07,0,0,0,0,1/11/11,1/17/11,1
20110104,CA,98.62,1.38,0,0,0,0,1/4/11,1/10/11,1
20101228,CA,98.62,1.38,0,0,0,0,12/28/10,1/3/11,1
20101221,CA,94.86,5.14,0,0,0,0,12/21/10,12/27/10,1
20101214,CA,79.56,20.44,1.25,0,0,0,12/14/10,12/20/10,1
20101207,CA,78.93,21.07,2.14,0,0,0,12/7/10,12/13/10,1
20101130,CA,81.67,18.33,2.41,0,0,0,11/30/10,12/6/10,1
20101123,CA,90.14,9.86,2.41,0,0,0,11/23/10,11/29/10,1
20101116,CA,90.14,9.86,4.62,0.19,0,0,11/16/10,11/22/10,1
20101109,CA,90.14,9.86,4.62,0.19,0,0,11/9/10,11/15/10,1
20101102,CA,90.14,9.86,4.62,0.19,0,0,11/2/10,11/8/10,1
20101026,CA,90.14,9.86,4.62,0.19,0,0,10/26/10,11/1/10,1
20101019,CA,88.08,11.92,6.07,0.24,0,0,10/19/10,10/25/10,1
20101012,CA,88.08,11.92,6.07,0.24,0,0,10/12/10,10/18/10,1
20101005,CA,85.44,14.56,8.08,0.24,0,0,10/5/10,10/11/10,1
20100928,CA,85.44,14.56,8.08,0.24,0,0,9/28/10,10/4/10,1
20100921,CA,85.44,14.56,8.08,0.24,0,0,9/21/10,9/27/10,1
20100914,CA,85.44,14.56,8.08,0.24,0,0,9/14/10,9/20/10,1
20100907,CA,85.44,14.56,8.08,0.24,0,0,9/7/10,9/13/10,1
20100831,CA,85.44,14.56,8.08,0.24,0,0,8/31/10,9/6/10,1
20100824,CA,85.44,14.56,8.08,0.24,0,0,8/24/10,8/30/10,1
20100817,CA,85.44,14.56,8.08,0.24,0,0,8/17/10,8/23/10,1
20100810,CA,85.44,14.56,8.08,0.24,0,0,8/10/10,8/16/10,1
20100803,CA,85.44,14.56,8.08,0.24,0,0,8/3/10,8/9/10,1
20100727,CA,87.46,12.54,8.08,0.24,0,0,7/27/10,8/2/10,1
20100720,CA,87.79,12.21,8.08,0.24,0,0,7/20/10,7/26/10,1
20100713,CA,87.97,12.03,8.08,0.24,0,0,7/13/10,7/19/10,1
20100706,CA,87.97,12.03,8.08,0.24,0,0,7/6/10,7/12/10,1
20100629,CA,87.97,12.03,8.08,0.24,0,0,6/29/10,7/5/10,1
20100622,CA,87.97,12.03,8.08,0.24,0,0,6/22/10,6/28/10,1
20100615,CA,87.97,12.03,8.08,0.24,0,0,6/15/10,6/21/10,1
20100608,CA,87.97,12.03,8.08,5.97,0,0,6/8/10,6/14/10,1
20100601,CA,87.02,12.98,8.08,5.97,0,0,6/1/10,6/7/10,1
20100525,CA,87.02,12.98,8.08,5.97,0,0,5/25/10,5/31/10,1
20100518,CA,81.3,18.7,8.58,6.96,0,0,5/18/10,5/24/10,1
20100511,CA,72.69,27.31,9.13,7.09,0,0,5/11/10,5/17/10,1
20100504,CA,72.82,27.18,9.89,7.1,0,0,5/4/10,5/10/10,1
20100427,CA,72.82,27.18,9.89,7.1,0,0,4/27/10,5/3/10,1
20100420,CA,67.61,32.39,9.89,7.1,0,0,4/20/10,4/26/10,1
20100413,CA,67.76,32.24,9.89,7.1,0,0,4/13/10,4/19/10,1
20100406,CA,63.21,36.79,9.89,7.1,0,0,4/6/10,4/12/10,1
20100330,CA,63.24,36.76,9.91,7.1,0,0,3/30/10,4/5/10,1
20100323,CA,64.29,35.71,9.91,7.1,0,0,3/23/10,3/29/10,1
20100316,CA,66.08,33.92,10.14,6.75,0,0,3/16/10,3/22/10,1
20100309,CA,66.67,33.33,10.91,5.88,0,0,3/9/10,3/15/10,1
20100302,CA,64.59,35.41,10.72,4.28,0,0,3/2/10,3/8/10,1
20100223,CA,64.59,35.41,10.72,4.28,0,0,2/23/10,3/1/10,1
20100216,CA,64.05,35.95,10.98,4.28,0,0,2/16/10,2/22/10,1
20100209,CA,44.32,55.68,10.98,2.19,0,0,2/9/10,2/15/10,1
20100202,CA,43.19,56.81,18.75,2.19,0,0,2/2/10,2/8/10,1
20100126,CA,42.61,57.39,19.41,2.19,0,0,1/26/10,2/1/10,1
20100119,CA,7.94,92.06,63.2,13.98,0,0,1/19/10,1/25/10,1
20100112,CA,6.56,93.44,72.94,21.22,0,0,1/12/10,1/18/10,1
20100105,CA,6.56,93.44,72.75,9.04,0,0,1/5/10,1/11/10,1
20091229,CA,6.56,93.44,72.16,9.24,0,0,12/29/09,1/4/10,1
20091222,CA,6.56,93.44,72.16,9.24,0,0,12/22/09,12/28/09,1
20091215,CA,6.56,93.44,72.16,9.24,0,0,12/15/09,12/21/09,1
20091208,CA,7.72,92.28,74.05,17.26,0,0,12/8/09,12/14/09,1
20091201,CA,7.72,92.28,74.05,17.26,0,0,12/1/09,12/7/09,1
20091124,CA,8.4,91.6,73.62,17.26,0,0,11/24/09,11/30/09,1
20091117,CA,7.59,92.41,77.32,17.7,0,0,11/17/09,11/23/09,1
20091110,CA,7.59,92.41,77.32,17.7,0,0,11/10/09,11/16/09,1
20091103,CA,7.59,92.41,77.35,17.7,0,0,11/3/09,11/9/09,1
20091027,CA,9.09,90.91,62.51,17.7,0,0,10/27/09,11/2/09,1
20091020,CA,10.59,89.41,61.23,17.7,0,0,10/20/09,10/26/09,1
20091013,CA,0,100,73.44,45.82,0,0,10/13/09,10/19/09,1
20091006,CA,0,100,73.44,45.82,0,0,10/6/09,10/12/09,1
20090929,CA,0,100,73.44,45.82,0,0,9/29/09,10/5/09,1
20090922,CA,0,100,73.44,45.82,0,0,9/22/09,9/28/09,1
20090915,CA,0,100,73.44,45.82,0,0,9/15/09,9/21/09,1
20090908,CA,0,100,73.44,45.82,0,0,9/8/09,9/14/09,1
20090901,CA,0,100,73.44,45.82,0,0,9/1/09,9/7/09,1
20090825,CA,0.02,99.98,72.86,42.8,0,0,8/25/09,8/31/09,1
20090818,CA,0.02,99.98,72.86,42.8,0,0,8/18/09,8/24/09,1
20090811,CA,0.8,99.2,72.86,42.8,0,0,8/11/09,8/17/09,1
20090804,CA,0.78,99.22,72.86,44.26,0,0,8/4/09,8/10/09,1
20090728,CA,2.47,97.53,72.86,44.26,0,0,7/28/09,8/3/09,1
20090721,CA,2.47,97.53,72.86,44.26,0,0,7/21/09,7/27/09,1
20090714,CA,2.47,97.53,72.86,44.26,0,0,7/14/09,7/20/09,1
20090707,CA,2.47,97.53,72.86,44.26,0,0,7/7/09,7/13/09,1
20090630,CA,2.86,97.14,72.01,44.26,0,0,6/30/09,7/6/09,1
20090623,CA,2.86,97.14,72.01,44.26,0,0,6/23/09,6/29/09,1
20090616,CA,2.81,97.19,72.01,44.26,0,0,6/16/09,6/22/09,1
20090609,CA,2.72,97.28,72,44.26,0,0,6/9/09,6/15/09,1
20090602,CA,2.72,97.28,72.32,44.25,0,0,6/2/09,6/8/09,1
20090526,CA,3.62,96.38,72.11,35.29,0,0,5/26/09,6/1/09,1
20090519,CA,3.62,96.38,72.11,35.29,0,0,5/19/09,5/25/09,1
20090512,CA,3.65,96.35,72.11,35.29,0,0,5/12/09,5/18/09,1
20090505,CA,3.65,96.35,72.11,35.29,0,0,5/5/09,5/11/09,1
20090428,CA,3.65,96.35,73,38.81,0,0,4/28/09,5/4/09,1
20090421,CA,3.65,96.35,73,38.81,0,0,4/21/09,4/27/09,1
20090414,CA,5.15,94.85,62.69,35.49,0,0,4/14/09,4/20/09,1
20090407,CA,5.15,94.85,62.69,35.49,0,0,4/7/09,4/13/09,1
20090331,CA,5.15,94.85,63.83,22.53,0,0,3/31/09,4/6/09,1
20090324,CA,5.15,94.85,63.83,22.53,0,0,3/24/09,3/30/09,1
20090317,CA,5.15,94.85,63.83,22.5,0,0,3/17/09,3/23/09,1
20090310,CA,5.15,94.85,62.32,22.5,0,0,3/10/09,3/16/09,1
20090303,CA,5.15,94.85,70.73,41.84,4.37,0,3/3/09,3/9/09,1
20090224,CA,5.15,94.85,70.73,49.69,14.78,0,2/24/09,3/2/09,1
20090217,CA,5.15,94.85,70.73,50.06,16.7,0,2/17/09,2/23/09,1
20090210,CA,0.9,99.1,78.76,54.7,19,0,2/10/09,2/16/09,1
20090203,CA,0.77,99.23,89.43,54.7,19.01,0,2/3/09,2/9/09,1
20090127,CA,1.23,98.77,88.21,48.9,15.94,0,1/27/09,2/2/09,1
20090120,CA,1.71,98.29,88.21,48.9,12.97,0,1/20/09,1/26/09,1
20090113,CA,1.71,98.29,88.21,44.08,2.77,0,1/13/09,1/19/09,1
20090106,CA,1.71,98.29,88.21,41.26,2.77,0,1/6/09,1/12/09,1
20081230,CA,1.69,98.31,88.21,43.02,2.77,0,12/30/08,1/5/09,1
20081223,CA,0.07,99.93,88.79,43.02,2.77,0,12/23/08,12/29/08,1
20081216,CA,0,100,93.97,50.72,5.83,0,12/16/08,12/22/08,1
20081209,CA,0,100,87.41,49.19,3.21,0,12/9/08,12/15/08,1
20081202,CA,0,100,86.02,41.34,0,0,12/2/08,12/8/08,1
20081125,CA,4.71,95.29,86.02,41.34,0,0,11/25/08,12/1/08,1
20081118,CA,4.71,95.29,86.02,41.34,0,0,11/18/08,11/24/08,1
20081111,CA,4.71,95.29,86.02,41.34,0,0,11/11/08,11/17/08,1
20081104,CA,0,100,90.51,40.37,0,0,11/4/08,11/10/08,1
20081028,CA,0,100,93.55,55.56,0,0,10/28/08,11/3/08,1
20081021,CA,0,100,93.48,55.62,0,0,10/21/08,10/27/08,1
20081014,CA,0.05,99.95,95.81,55.11,0,0,10/14/08,10/20/08,1
20081007,CA,0.04,99.96,95.9,55,0,0,10/7/08,10/13/08,1
20080930,CA,0.04,99.96,95.9,55.23,2.05,0,9/30/08,10/6/08,1
20080923,CA,0.04,99.96,95.9,55.23,2.05,0,9/23/08,9/29/08,1
20080916,CA,0.04,99.96,95.9,48.77,0,0,9/16/08,9/22/08,1
20080909,CA,0.04,99.96,95.9,48.77,0,0,9/9/08,9/15/08,1
20080902,CA,0.04,99.96,98.43,44.47,0,0,9/2/08,9/8/08,1
20080826,CA,0.04,99.96,97.69,43.08,0,0,8/26/08,9/1/08,1
20080819,CA,0.04,99.96,96.88,41.38,0,0,8/19/08,8/25/08,1
20080812,CA,0.04,99.96,88.88,38.7,0,0,8/12/08,8/18/08,1
20080805,CA,0.06,99.94,88.88,38.7,0,0,8/5/08,8/11/08,1
20080729,CA,0.06,99.94,88.88,38.7,0,0,7/29/08,8/4/08,1
20080722,CA,0.12,99.88,88.88,16.57,0,0,7/22/08,7/28/08,1
20080715,CA,0.06,99.94,89.2,18.07,0,0,7/15/08,7/21/08,1
20080708,CA,0.14,99.86,89.2,18.07,0,0,7/8/08,7/14/08,1
20080701,CA,0.14,99.86,89.2,18.07,0,0,7/1/08,7/7/08,1
20080624,CA,0.14,99.86,89.2,18.07,0,0,6/24/08,6/30/08,1
20080617,CA,0.17,99.83,89.2,18.07,0,0,6/17/08,6/23/08,1
20080610,CA,4.69,95.31,63.74,9.26,0,0,6/10/08,6/16/08,1
20080603,CA,4.78,95.22,63.74,9.26,0,0,6/3/08,6/9/08,1
20080527,CA,8.9,91.1,47.51,9.26,0,0,5/27/08,6/2/08,1
20080520,CA,7.75,92.25,48.43,9.26,0,0,5/20/08,5/26/08,1
20080513,CA,7.75,92.25,48.43,9.26,0,0,5/13/08,5/19/08,1
20080506,CA,7.73,92.27,48.43,9.26,0,0,5/6/08,5/12/08,1
20080429,CA,7.29,92.71,45.66,9.26,0,0,4/29/08,5/5/08,1
20080422,CA,24.58,75.42,39.61,5.45,0,0,4/22/08,4/28/08,1
20080415,CA,24.58,75.42,39.61,5.45,0,0,4/15/08,4/21/08,1
20080408,CA,36.77,63.23,39.61,5.45,0,0,4/8/08,4/14/08,1
20080401,CA,44.52,55.48,31.58,3.83,0,0,4/1/08,4/7/08,1
20080325,CA,44.52,55.48,30.08,3.88,0,0,3/25/08,3/31/08,1
20080318,CA,44.52,55.48,34.28,13.33,0,0,3/18/08,3/24/08,1
20080311,CA,44.52,55.48,34.28,13.33,0,0,3/11/08,3/17/08,1
20080304,CA,44.52,55.48,34.28,13.33,0,0,3/4/08,3/10/08,1
20080226,CA,44.52,55.48,34.28,13.33,0,0,2/26/08,3/3/08,1
20080219,CA,18.27,81.73,37.46,14.06,0,0,2/19/08,2/25/08,1
20080212,CA,18.27,81.73,37.37,14.06,0,0,2/12/08,2/18/08,1
20080205,CA,18.23,81.77,36.63,14.06,0,0,2/5/08,2/11/08,1
20080129,CA,18.23,81.77,41.6,14.83,0,0,1/29/08,2/4/08,1
20080122,CA,11.36,88.64,79.85,32.8,0,0,1/22/08,1/28/08,1
20080115,CA,11.36,88.64,79.77,32.8,0,0,1/15/08,1/21/08,1
20080108,CA,11.36,88.64,79.77,31.56,0,0,1/8/08,1/14/08,1
20080101,CA,8.87,91.13,84.7,58.04,14.55,0,1/1/08,1/7/08,1
20071225,CA,8.87,91.13,84.7,58.04,14.54,0,12/25/07,12/31/07,1
20071218,CA,8.87,91.13,84.7,58.04,14.54,0,12/18/07,12/24/07,1
20071211,CA,8.87,91.13,84.83,58.04,14.55,0,12/11/07,12/17/07,1
20071204,CA,8.87,91.13,84.83,58.04,14.53,0,12/4/07,12/10/07,1
20071127,CA,8.87,91.13,84.83,58.02,33.68,0,11/27/07,12/3/07,1
20071120,CA,8.87,91.13,84.83,58.02,33.68,0,11/20/07,11/26/07,1
20071113,CA,8.87,91.13,84.83,58.02,33.67,0,11/13/07,11/19/07,1
20071106,CA,8.87,91.13,84.83,58.3,33.69,0,11/6/07,11/12/07,1
20071030,CA,8.87,91.13,84.83,58.3,33.68,0,10/30/07,11/5/07,1
20071023,CA,5.61,94.39,86.09,64.62,33.74,0,10/23/07,10/29/07,1
20071016,CA,1.17,98.83,92.56,64.62,33.76,0,10/16/07,10/22/07,1
20071009,CA,0.1,99.9,92.56,64.62,33.75,0,10/9/07,10/15/07,1
20071002,CA,0,100,92.56,64.62,33.76,0,10/2/07,10/8/07,1
20070925,CA,0,100,92.56,64.62,33.76,0,9/25/07,10/1/07,1
20070918,CA,0,100,92.56,65.34,35.23,0,9/18/07,9/24/07,1
20070911,CA,0,100,92.56,65.34,35.22,0,9/11/07,9/17/07,1
20070904,CA,0,100,92.56,65.34,35.22,0,9/4/07,9/10/07,1
20070828,CA,0,100,92.56,65.34,35.21,0,8/28/07,9/3/07,1
20070821,CA,0,100,92.32,65.34,35.23,0,8/21/07,8/27/07,1
20070814,CA,0,100,92.32,65.34,35.23,0,8/14/07,8/20/07,1
20070807,CA,0,100,92.32,65.34,35.15,0,8/7/07,8/13/07,1
20070731,CA,0,100,92.32,65.34,35.15,0,7/31/07,8/6/07,1
20070724,CA,0,100,92.32,65.34,35.15,0,7/24/07,7/30/07,1
20070717,CA,0,100,92.32,65.34,35.15,0,7/17/07,7/23/07,1
20070710,CA,0,100,92.32,65.34,35.15,0,7/10/07,7/16/07,1
20070703,CA,0,100,92.32,65.34,35.14,0,7/3/07,7/9/07,1
20070626,CA,0,100,92.32,65.34,34.31,0,6/26/07,7/2/07,1
20070619,CA,0,100,92.32,65.34,34.31,0,6/19/07,6/25/07,1
20070612,CA,3.31,96.69,92.32,65.34,34.4,0,6/12/07,6/18/07,1
20070605,CA,3.31,96.69,92.32,65.34,34.4,0,6/5/07,6/11/07,1
20070529,CA,3.31,96.69,92.32,65.34,34.4,0,5/29/07,6/4/07,1
20070522,CA,3.31,96.69,92.06,65.34,34.39,0,5/22/07,5/28/07,1
20070515,CA,3.31,96.69,89.76,60.45,28.65,0,5/15/07,5/21/07,1
20070508,CA,7.51,92.49,82.35,51.64,28.65,0,5/8/07,5/14/07,1
20070501,CA,7.51,92.49,82.35,51.64,28.65,0,5/1/07,5/7/07,1
20070424,CA,7.75,92.25,82.43,51.64,28.65,0,4/24/07,4/30/07,1
20070417,CA,3.77,96.23,87.3,56.13,28.65,0,4/17/07,4/23/07,1
20070410,CA,5.3,94.7,82.27,38.57,21.32,0,4/10/07,4/16/07,1
20070403,CA,8.52,91.48,63.02,33.01,21.32,0,4/3/07,4/9/07,1
20070327,CA,19.95,80.05,60.74,33.69,21.32,0,3/27/07,4/2/07,1
20070320,CA,25.44,74.56,59.6,32.59,21.23,0,3/20/07,3/26/07,1
20070313,CA,25.41,74.59,59.37,32.59,21.23,0,3/13/07,3/19/07,1
20070306,CA,25.41,74.59,54.02,28.8,0,0,3/6/07,3/12/07,1
20070227,CA,25.41,74.59,54.02,28.8,0,0,2/27/07,3/5/07,1
20070220,CA,15.18,84.82,59.19,29.64,0,0,2/20/07,2/26/07,1
20070213,CA,24.95,75.05,54.44,29.73,0,0,2/13/07,2/19/07,1
20070206,CA,9.64,90.36,61.27,24.23,0,0,2/6/07,2/12/07,1
20070130,CA,9.82,90.18,61.27,22.87,0,0,1/30/07,2/5/07,1
20070123,CA,10.72,89.28,46.97,17.72,0,0,1/23/07,1/29/07,1
20070116,CA,34.97,65.03,27.15,2.62,0,0,1/16/07,1/22/07,1
20070109,CA,34.97,65.03,27.15,2.62,0,0,1/9/07,1/15/07,1
20070102,CA,40.73,59.27,26.77,0,0,0,1/2/07,1/8/07,1
20061226,CA,40.35,59.65,11.64,0,0,0,12/26/06,1/1/07,1
20061219,CA,40.35,59.65,11.64,0,0,0,12/19/06,12/25/06,1
20061212,CA,49.79,50.21,0.79,0,0,0,12/12/06,12/18/06,1
20061205,CA,44.03,55.97,0.79,0,0,0,12/5/06,12/11/06,1
20061128,CA,77.72,22.28,0.82,0,0,0,11/28/06,12/4/06,1
20061121,CA,77.64,22.36,0.82,0,0,0,11/21/06,11/27/06,1
20061114,CA,84.57,15.43,0.82,0,0,0,11/14/06,11/20/06,1
20061107,CA,84.57,15.43,0.82,0,0,0,11/7/06,11/13/06,1
20061031,CA,84.57,15.43,0.82,0,0,0,10/31/06,11/6/06,1
20061024,CA,84.57,15.43,0.82,0,0,0,10/24/06,10/30/06,1
20061017,CA,84.57,15.43,0.82,0,0,0,10/17/06,10/23/06,1
20061010,CA,85.15,14.85,0.82,0,0,0,10/10/06,10/16/06,1
20061003,CA,85.15,14.85,0.82,0,0,0,10/3/06,10/9/06,1
20060926,CA,84.97,15.03,0.82,0,0,0,9/26/06,10/2/06,1
20060919,CA,84.97,15.03,0.82,0,0,0,9/19/06,9/25/06,1
20060912,CA,84.97,15.03,2.62,0.13,0,0,9/12/06,9/18/06,1
20060905,CA,84.79,15.21,2.62,0.13,0,0,9/5/06,9/11/06,1
20060829,CA,93.23,6.77,0.05,0,0,0,8/29/06,9/4/06,1
20060822,CA,93.03,6.97,0.06,0,0,0,8/22/06,8/28/06,1
20060815,CA,92.27,7.73,0.16,0,0,0,8/15/06,8/21/06,1
20060808,CA,92.27,7.73,0.12,0,0,0,8/8/06,8/14/06,1
20060801,CA,92.27,7.73,0.12,0,0,0,8/1/06,8/7/06,1
20060725,CA,92.27,7.73,0.12,0,0,0,7/25/06,7/31/06,1
20060718,CA,92.27,7.73,0.12,0,0,0,7/18/06,7/24/06,1
20060711,CA,92,8,0.12,0,0,0,7/11/06,7/17/06,1
20060704,CA,91.7,8.3,0.07,0,0,0,7/4/06,7/10/06,1
20060627,CA,91.76,8.24,0.07,0,0,0,6/27/06,7/3/06,1
20060620,CA,92.46,7.54,0.07,0,0,0,6/20/06,6/26/06,1
20060613,CA,92.46,7.54,0.07,0,0,0,6/13/06,6/19/06,1
20060606,CA,92.46,7.54,0.07,0,0,0,6/6/06,6/12/06,1
20060530,CA,92.46,7.54,0.07,0,0,0,5/30/06,6/5/06,1
20060523,CA,92.36,7.64,0.07,0,0,0,5/23/06,5/29/06,1
20060516,CA,92.36,7.64,0.07,0,0,0,5/16/06,5/22/06,1
20060509,CA,92.36,7.64,0,0,0,0,5/9/06,5/15/06,1
20060502,CA,92.36,7.64,0.01,0,0,0,5/2/06,5/8/06,1
20060425,CA,92.92,7.08,0.16,0,0,0,4/25/06,5/1/06,1
20060418,CA,92.92,7.08,0.16,0,0,0,4/18/06,4/24/06,1
20060411,CA,92.92,7.08,0.16,0,0,0,4/11/06,4/17/06,1
20060404,CA,92.47,7.53,0.16,0,0,0,4/4/06,4/10/06,1
20060328,CA,91.62,8.38,0.55,0,0,0,3/28/06,4/3/06,1
20060321,CA,83.59,16.41,0.55,0,0,0,3/21/06,3/27/06,1
20060314,CA,83.59,16.41,0.52,0,0,0,3/14/06,3/20/06,1
20060307,CA,78.18,21.82,0.52,0,0,0,3/7/06,3/13/06,1
20060228,CA,75.86,24.14,0.48,0,0,0,2/28/06,3/6/06,1
20060221,CA,84.21,15.79,0,0,0,0,2/21/06,2/27/06,1
20060214,CA,86.59,13.41,0,0,0,0,2/14/06,2/20/06,1
20060207,CA,86.68,13.32,0,0,0,0,2/7/06,2/13/06,1
20060131,CA,97.08,2.92,0,0,0,0,1/31/06,2/6/06,1
20060124,CA,97.08,2.92,0,0,0,0,1/24/06,1/30/06,1
20060117,CA,97.08,2.92,0,0,0,0,1/17/06,1/23/06,1
20060110,CA,96.6,3.4,0,0,0,0,1/10/06,1/16/06,1
20060103,CA,98.32,1.68,0,0,0,0,1/3/06,1/9/06,1
20051227,CA,93.91,6.09,0,0,0,0,12/27/05,1/2/06,1
20051220,CA,93.69,6.31,0,0,0,0,12/20/05,12/26/05,1
20051213,CA,90.03,9.97,0,0,0,0,12/13/05,12/19/05,1
20051206,CA,90.03,9.97,0,0,0,0,12/6/05,12/12/05,1
20051129,CA,75.23,24.77,0,0,0,0,11/29/05,12/5/05,1
20051122,CA,99.66,0.34,0,0,0,0,11/22/05,11/28/05,1
20051115,CA,99.66,0.34,0,0,0,0,11/15/05,11/21/05,1
20051108,CA,99.66,0.34,0,0,0,0,11/8/05,11/14/05,1
20051101,CA,99.58,0.42,0,0,0,0,11/1/05,11/7/05,1
20051025,CA,99.58,0.42,0,0,0,0,10/25/05,10/31/05,1
20051018,CA,99.58,0.42,0,0,0,0,10/18/05,10/24/05,1
20051011,CA,99.58,0.42,0,0,0,0,10/11/05,10/17/05,1
20051004,CA,99.58,0.42,0,0,0,0,10/4/05,10/10/05,1
20050927,CA,99.58,0.42,0,0,0,0,9/27/05,10/3/05,1
20050920,CA,99.41,0.59,0.05,0,0,0,9/20/05,9/26/05,1
20050913,CA,99.2,0.8,0.06,0,0,0,9/13/05,9/19/05,1
20050906,CA,99.2,0.8,0.06,0,0,0,9/6/05,9/12/05,1
20050830,CA,98.84,1.16,0.06,0,0,0,8/30/05,9/5/05,1
20050823,CA,98.85,1.15,0.06,0,0,0,8/23/05,8/29/05,1
20050816,CA,99.04,0.96,0.06,0,0,0,8/16/05,8/22/05,1
20050809,CA,99.03,0.97,0.06,0,0,0,8/9/05,8/15/05,1
20050802,CA,98.96,1.04,0.06,0,0,0,8/2/05,8/8/05,1
20050726,CA,99.01,0.99,0.06,0,0,0,7/26/05,8/1/05,1
20050719,CA,99.01,0.99,0.06,0,0,0,7/19/05,7/25/05,1
20050712,CA,99.01,0.99,0.06,0,0,0,7/12/05,7/18/05,1
20050705,CA,99.01,0.99,0.06,0,0,0,7/5/05,7/11/05,1
20050628,CA,99.01,0.99,0.06,0,0,0,6/28/05,7/4/05,1
20050621,CA,98.71,1.29,0.06,0,0,0,6/21/05,6/27/05,1
20050614,CA,98.48,1.52,0.06,0,0,0,6/14/05,6/20/05,1
20050607,CA,98.48,1.52,0.06,0,0,0,6/7/05,6/13/05,1
20050531,CA,98.48,1.52,0.06,0,0,0,5/31/05,6/6/05,1
20050524,CA,98.48,1.52,0.06,0,0,0,5/24/05,5/30/05,1
20050517,CA,98.48,1.52,0.06,0,0,0,5/17/05,5/23/05,1
20050510,CA,97,3,1.09,0,0,0,5/10/05,5/16/05,1
20050503,CA,95.53,4.47,2.09,0,0,0,5/3/05,5/9/05,1
20050426,CA,96.16,3.84,2.09,0,0,0,4/26/05,5/2/05,1
20050419,CA,96.16,3.84,2.09,0,0,0,4/19/05,4/25/05,1
20050412,CA,95.46,4.54,2.64,0.04,0,0,4/12/05,4/18/05,1
20050405,CA,94.54,5.46,2.63,0.04,0,0,4/5/05,4/11/05,1
20050329,CA,95.35,4.65,2.87,0.21,0,0,3/29/05,4/4/05,1
20050322,CA,87.97,12.03,3,0.21,0,0,3/22/05,3/28/05,1
20050315,CA,87.97,12.03,3,0.21,0,0,3/15/05,3/21/05,1
20050308,CA,90.12,9.88,1.3,0,0,0,3/8/05,3/14/05,1
20050301,CA,90.4,9.6,1.22,0,0,0,3/1/05,3/7/05,1
20050222,CA,88.57,11.43,1.22,0,0,0,2/22/05,2/28/05,1
20050215,CA,88.57,11.43,1.22,0,0,0,2/15/05,2/21/05,1
20050208,CA,89.8,10.2,4.1,0,0,0,2/8/05,2/14/05,1
20050201,CA,88.93,11.07,4.1,0,0,0,2/1/05,2/7/05,1
20050125,CA,88.24,11.76,4.1,0.21,0,0,1/25/05,1/31/05,1
20050118,CA,88.37,11.63,4.1,0.21,0,0,1/18/05,1/24/05,1
20050111,CA,83.4,16.6,4.1,0.21,0,0,1/11/05,1/17/05,1
20050104,CA,69.05,30.95,7.85,1.77,0,0,1/4/05,1/10/05,1
20041228,CA,40.45,59.55,28.85,3.98,0,0,12/28/04,1/3/05,1
20041221,CA,32.23,67.77,29.37,3.98,0,0,12/21/04,12/27/04,1
20041214,CA,32.23,67.77,29.37,3.98,0,0,12/14/04,12/20/04,1
20041207,CA,26.62,73.38,29.37,4.84,0,0,12/7/04,12/13/04,1
20041130,CA,26.46,73.54,30.21,8.64,0,0,11/30/04,12/6/04,1
20041123,CA,24.23,75.77,31.28,8.3,0,0,11/23/04,11/29/04,1
20041116,CA,24.23,75.77,31.28,8.3,0,0,11/16/04,11/22/04,1
20041109,CA,20.84,79.16,31.28,8.3,0,0,11/9/04,11/15/04,1
20041102,CA,18.41,81.59,31.28,10.42,0,0,11/2/04,11/8/04,1
20041026,CA,18.23,81.77,40.55,10.42,0,0,10/26/04,11/1/04,1
20041019,CA,12.21,87.79,55.82,18.25,0,0,10/19/04,10/25/04,1
20041012,CA,5.41,94.59,61.09,21.1,0,0,10/12/04,10/18/04,1
20041005,CA,5.41,94.59,61.09,21.1,0,0,10/5/04,10/11/04,1
20040928,CA,5.41,94.59,61.09,21.1,0,0,9/28/04,10/4/04,1
20040921,CA,5.26,94.74,61.09,21.1,0,0,9/21/04,9/27/04,1
20040914,CA,5.35,94.65,61.09,21.1,0,0,9/14/04,9/20/04,1
20040907,CA,5.2,94.8,61.29,22.45,0,0,9/7/04,9/13/04,1
20040831,CA,5.1,94.9,61.29,22.45,0,0,8/31/04,9/6/04,1
20040824,CA,10.63,89.37,60.59,21.79,0,0,8/24/04,8/30/04,1
20040817,CA,10.62,89.38,60.59,21.79,0,0,8/17/04,8/23/04,1
20040810,CA,10.62,89.38,60.59,25.3,0,0,8/10/04,8/16/04,1
20040803,CA,15.64,84.36,52.05,14.97,0,0,8/3/04,8/9/04,1
20040727,CA,14.81,85.19,52.05,14.97,0,0,7/27/04,8/2/04,1
20040720,CA,14.81,85.19,52.02,9.89,0,0,7/20/04,7/26/04,1
20040713,CA,14.81,85.19,52.05,8.32,0,0,7/13/04,7/19/04,1
20040706,CA,14.81,85.19,52.05,8.32,0,0,7/6/04,7/12/04,1
20040629,CA,14.64,85.36,50.9,7.57,0,0,6/29/04,7/5/04,1
20040622,CA,17.95,82.05,50.66,7.57,0,0,6/22/04,6/28/04,1
20040615,CA,17.67,82.33,50.41,7.67,0,0,6/15/04,6/21/04,1
20040608,CA,17.67,82.33,50.41,7.67,0,0,6/8/04,6/14/04,1
20040601,CA,18.39,81.61,50.36,6.66,0,0,6/1/04,6/7/04,1
20040525,CA,16.9,83.1,48.33,6.96,0,0,5/25/04,5/31/04,1
20040518,CA,17.07,82.93,46.06,6.96,0,0,5/18/04,5/24/04,1
20040511,CA,17.07,82.93,46.06,6.96,0,0,5/11/04,5/17/04,1
20040504,CA,16.81,83.19,46.06,6.96,0,0,5/4/04,5/10/04,1
20040427,CA,29.2,70.8,22.67,6.96,0,0,4/27/04,5/3/04,1
20040420,CA,31.64,68.36,19.01,5.78,0,0,4/20/04,4/26/04,1
20040413,CA,31.64,68.36,19.01,5.78,0,0,4/13/04,4/19/04,1
20040406,CA,62.08,37.92,16.45,5.43,0,0,4/6/04,4/12/04,1
20040330,CA,61.85,38.15,17.16,7.94,0,0,3/30/04,4/5/04,1
20040323,CA,74,26,17.16,7.94,0,0,3/23/04,3/29/04,1
20040316,CA,74,26,17.16,7.94,0,0,3/16/04,3/22/04,1
20040309,CA,74,26,17.16,7.94,0,0,3/9/04,3/15/04,1
20040302,CA,74,26,17.16,7.94,0,0,3/2/04,3/8/04,1
20040224,CA,70.62,29.38,17.2,7.78,0,0,2/24/04,3/1/04,1
20040217,CA,67.47,32.53,17.2,7.78,0,0,2/17/04,2/23/04,1
20040210,CA,67.47,32.53,17.2,7.78,0,0,2/10/04,2/16/04,1
20040203,CA,67.18,32.82,17.3,7.79,0,0,2/3/04,2/9/04,1
20040127,CA,67.18,32.82,17.3,7.67,0,0,1/27/04,2/2/04,1
20040120,CA,66.01,33.99,18.38,7.67,0,0,1/20/04,1/26/04,1
20040113,CA,65.27,34.73,23.23,9.51,0,0,1/13/04,1/19/04,1
20040106,CA,69.55,30.45,20.28,8.05,0,0,1/6/04,1/12/04,1
20031230,CA,67.34,32.66,20.28,9.47,0,0,12/30/03,1/5/04,1
20031223,CA,47.84,52.16,32.06,9.8,0.01,0,12/23/03,12/29/03,1
20031216,CA,48.91,51.09,30.57,9.75,0.02,0,12/16/03,12/22/03,1
20031209,CA,47.46,52.54,29.64,8.86,0.01,0,12/9/03,12/15/03,1
20031202,CA,43.73,56.27,30.7,9.84,0,0,12/2/03,12/8/03,1
20031125,CA,46.19,53.81,30.69,10.91,0,0,11/25/03,12/1/03,1
20031118,CA,44.56,55.44,32.1,11.56,0.03,0,11/18/03,11/24/03,1
20031111,CA,45.87,54.13,31.34,10.2,0,0,11/11/03,11/17/03,1
20031104,CA,29.14,70.86,33.06,11.07,0,0,11/4/03,11/10/03,1
20031028,CA,6.6,93.4,42.17,11.32,0.02,0,10/28/03,11/3/03,1
20031021,CA,26.77,73.23,26.49,11.27,0,0,10/21/03,10/27/03,1
20031014,CA,28.25,71.75,23.96,9.48,0,0,10/14/03,10/20/03,1
20031007,CA,66.91,33.09,25.28,10.65,0,0,10/7/03,10/13/03,1
20030930,CA,67.98,32.02,23.86,8.94,0,0,9/30/03,10/6/03,1
20030923,CA,66.92,33.08,25.47,10.71,0,0,9/23/03,9/29/03,1
20030916,CA,67.25,32.75,24.9,10.18,0,0,9/16/03,9/22/03,1
20030909,CA,65.83,34.17,27.52,9.39,0.01,0,9/9/03,9/15/03,1
20030902,CA,65.32,34.68,30.54,15.26,0,0,9/2/03,9/8/03,1
20030826,CA,66.8,33.2,24.01,13.44,0.01,0,8/26/03,9/1/03,1
20030819,CA,66.81,33.19,24.08,12.7,0,0,8/19/03,8/25/03,1
20030812,CA,63.93,36.07,24.75,8.37,0.01,0,8/12/03,8/18/03,1
20030805,CA,63.37,36.63,25.72,9.1,0.05,0,8/5/03,8/11/03,1
20030729,CA,63.9,36.1,24.76,8.43,0.03,0,7/29/03,8/4/03,1
20030722,CA,62.96,37.04,26.04,8.9,0.01,0,7/22/03,7/28/03,1
20030715,CA,62.14,37.86,25.28,9.19,0,0,7/15/03,7/21/03,1
20030708,CA,62.41,37.59,25.72,9.38,0,0,7/8/03,7/14/03,1
20030701,CA,63.14,36.86,25.06,8.45,0.03,0,7/1/03,7/7/03,1
20030624,CA,64.7,35.3,25.23,8.28,0.04,0,6/24/03,6/30/03,1
20030617,CA,63.83,36.17,25.85,8.23,0.1,0,6/17/03,6/23/03,1
20030610,CA,63.7,36.3,25.72,8.66,0,0,6/10/03,6/16/03,1
20030603,CA,63.32,36.68,26.16,8.99,0,0,6/3/03,6/9/03,1
20030527,CA,65.05,34.95,25.13,8.38,0,0,5/27/03,6/2/03,1
20030520,CA,64.15,35.85,25.01,8.47,0,0,5/20/03,5/26/03,1
20030513,CA,63.81,36.19,25.47,8.03,0,0,5/13/03,5/19/03,1
20030506,CA,58.71,41.29,30.12,8.33,0,0,5/6/03,5/12/03,1
20030429,CA,59.37,40.63,29.46,7.67,0,0,4/29/03,5/5/03,1
20030422,CA,59.72,40.28,30.85,8.75,0.04,0,4/22/03,4/28/03,1
20030415,CA,58.56,41.44,29,10.17,0.05,0,4/15/03,4/21/03,1
20030408,CA,40.13,59.87,32.74,11.39,0.17,0,4/8/03,4/14/03,1
20030401,CA,39.64,60.36,32.57,11.57,0.21,0,4/1/03,4/7/03,1
20030325,CA,51.83,48.17,32.1,11.33,0.1,0,3/25/03,3/31/03,1
20030318,CA,51.5,48.5,32.9,11.55,0.04,0,3/18/03,3/24/03,1
20030311,CA,45.14,54.86,33.71,21.85,1.2,0,3/11/03,3/17/03,1
20030304,CA,60.17,39.83,30.65,21.81,1.35,0,3/4/03,3/10/03,1
20030225,CA,58.1,41.9,34.46,20.61,7.62,0,2/25/03,3/3/03,1
20030218,CA,57.82,42.18,34.47,20.69,7.93,0,2/18/03,2/24/03,1
20030211,CA,45.39,54.61,38.83,28.32,14.91,0,2/11/03,2/17/03,1
20030204,CA,47.36,52.64,31.78,25.8,15.7,0,2/4/03,2/10/03,1
20030128,CA,51.74,48.26,29.56,25.24,15.67,0,1/28/03,2/3/03,1
20030121,CA,61.07,38.93,29.7,24.2,17.18,0,1/21/03,1/27/03,1
20030114,CA,60.71,39.29,30.81,25.39,17.08,0,1/14/03,1/20/03,1
20030107,CA,58.16,41.84,32.14,25.42,16.93,0,1/7/03,1/13/03,1
20021231,CA,58.39,41.61,32.23,26.06,17.19,0,12/31/02,1/6/03,1
20021224,CA,56.56,43.44,33.12,26.29,17.58,0,12/24/02,12/30/02,1
20021217,CA,42.1,57.9,35.75,29.12,17.18,0,12/17/02,12/23/02,1
20021210,CA,0,100,51.74,30.89,17.39,0,12/10/02,12/16/02,1
20021203,CA,5.66,94.34,35.26,28.16,17.35,0,12/3/02,12/9/02,1
20021126,CA,4.95,95.05,36.15,28.59,20.81,0,11/26/02,12/2/02,1
20021119,CA,5.55,94.45,35.87,28.21,20.68,0,11/19/02,11/25/02,1
20021112,CA,5.29,94.71,35.19,28.1,20.41,0,11/12/02,11/18/02,1
20021105,CA,0,100,75.48,47.2,24.48,0,11/5/02,11/11/02,1
20021029,CA,0,100,72.23,39.41,24.28,0,10/29/02,11/4/02,1
20021022,CA,0,100,72.01,39.65,23.89,0,10/22/02,10/28/02,1
20021015,CA,0,100,70.48,39.6,23.64,0,10/15/02,10/21/02,1
20021008,CA,0,100,70.73,39.66,23.64,0,10/8/02,10/14/02,1
20021001,CA,6.12,93.88,51.75,38.19,23.61,0,10/1/02,10/7/02,1
20020924,CA,5.5,94.5,56.14,39.64,23.98,0,9/24/02,9/30/02,1
20020917,CA,5.77,94.23,55.61,39.39,23.92,0,9/17/02,9/23/02,1
20020910,CA,5.1,94.9,55.24,40.45,23.63,0,9/10/02,9/16/02,1
20020903,CA,5.28,94.72,56.36,39.93,22.95,0,9/3/02,9/9/02,1
20020827,CA,4.89,95.11,56.24,39.99,24.21,0,8/27/02,9/2/02,1
20020820,CA,4.99,95.01,56.57,40.31,23.95,0,8/20/02,8/26/02,1
20020813,CA,4.99,95.01,56.66,40.03,26.32,0,8/13/02,8/19/02,1
20020806,CA,5.23,94.77,56.22,40.05,26.05,0,8/6/02,8/12/02,1
20020730,CA,4.99,95.01,55.35,39.71,24.45,0,7/30/02,8/5/02,1
20020723,CA,5.69,94.31,55.3,37.9,23.07,0,7/23/02,7/29/02,1
20020716,CA,6.67,93.33,51.55,36.29,23.2,0,7/16/02,7/22/02,1
20020709,CA,6.55,93.45,53.57,36.09,15.15,0,7/9/02,7/15/02,1
20020702,CA,7.45,92.55,53.31,35.76,13.67,0,7/2/02,7/8/02,1
20020625,CA,7.56,92.44,52.99,35.49,13.46,0,6/25/02,7/1/02,1
20020618,CA,18.01,81.99,48.22,33.2,9.07,0,6/18/02,6/24/02,1
20020611,CA,17.86,82.14,42.35,27.08,4.09,0,6/11/02,6/17/02,1
20020604,CA,17.99,82.01,42.05,26.85,3.93,0,6/4/02,6/10/02,1
20020528,CA,19.89,80.11,41.79,27.18,3.87,0,5/28/02,6/3/02,1
20020521,CA,53.49,46.51,36.83,26.07,0.45,0,5/21/02,5/27/02,1
20020514,CA,53.27,46.73,37.31,26.59,0.55,0,5/14/02,5/20/02,1
20020507,CA,53.54,46.46,37.13,26.21,0.45,0,5/7/02,5/13/02,1
20020430,CA,53.26,46.74,37.89,26.4,0.45,0,4/30/02,5/6/02,1
20020423,CA,52.85,47.15,37.98,29.12,0,0,4/23/02,4/29/02,1
20020416,CA,52.61,47.39,38.23,29.37,0,0,4/16/02,4/22/02,1
20020409,CA,54.11,45.89,35.6,19.1,0,0,4/9/02,4/15/02,1
20020402,CA,55.18,44.82,26.77,6.56,0,0,4/2/02,4/8/02,1
20020326,CA,54.83,45.17,22.32,1.56,0,0,3/26/02,4/1/02,1
20020319,CA,55.6,44.4,22.3,0,0,0,3/19/02,3/25/02,1
20020312,CA,53.35,46.65,21.95,0,0,0,3/12/02,3/18/02,1
20020305,CA,52.91,47.09,0.29,0,0,0,3/5/02,3/11/02,1
20020226,CA,54.51,45.49,0.17,0,0,0,2/26/02,3/4/02,1
20020219,CA,54.76,45.24,0.07,0,0,0,2/19/02,2/25/02,1
20020212,CA,53.96,46.04,0.28,0,0,0,2/12/02,2/18/02,1
20020205,CA,75.57,24.43,0.16,0,0,0,2/5/02,2/11/02,1
20020129,CA,87.79,12.21,0.15,0,0,0,1/29/02,2/4/02,1
20020122,CA,87.24,12.76,0.11,0,0,0,1/22/02,1/28/02,1
20020115,CA,92.58,7.42,0.27,0,0,0,1/15/02,1/21/02,1
20020108,CA,92.84,7.16,0.11,0,0,0,1/8/02,1/14/02,1
20020101,CA,77.42,22.58,11.08,4.92,0,0,1/1/02,1/7/02,1
20011225,CA,66.53,33.47,18.81,9.92,0,0,12/25/01,12/31/01,1
20011218,CA,51.45,48.55,30.49,17.9,3.2,0,12/18/01,12/24/01,1
20011211,CA,48.36,51.64,30.49,20.09,6.77,0,12/11/01,12/17/01,1
20011204,CA,45.75,54.25,34.41,21.4,7.56,0,12/4/01,12/10/01,1
20011127,CA,40.93,59.07,45.1,30.64,17.59,0,11/27/01,12/3/01,1
20011120,CA,29.62,70.38,47.53,30.64,18.22,0,11/20/01,11/26/01,1
20011113,CA,29.62,70.38,47.53,32.69,18.22,0,11/13/01,11/19/01,1
20011106,CA,29.62,70.38,47.53,32.69,18.22,0,11/6/01,11/12/01,1
20011030,CA,29.62,70.38,47.53,32.69,18.22,0,10/30/01,11/5/01,1
20011023,CA,29.62,70.38,47.53,33.58,18.95,0,10/23/01,10/29/01,1
20011016,CA,29.62,70.38,47.53,33.58,18.95,0,10/16/01,10/22/01,1
20011009,CA,33.99,66.01,47.53,33.58,18.95,0,10/9/01,10/15/01,1
20011002,CA,33.99,66.01,47.53,33.57,18.95,0,10/2/01,10/8/01,1
20010925,CA,33.99,66.01,47.53,33.58,18.95,0,9/25/01,10/1/01,1
20010918,CA,33.99,66.01,47.53,33.58,18.95,0,9/18/01,9/24/01,1
20010911,CA,33.99,66.01,47.53,33.58,18.95,0,9/11/01,9/17/01,1
20010904,CA,50.28,49.72,35.87,28.25,18.6,0,9/4/01,9/10/01,1
20010828,CA,50.28,49.72,35.87,28.25,18.6,0,8/28/01,9/3/01,1
20010821,CA,53,47,32.15,25.19,16.26,0,8/21/01,8/27/01,1
20010814,CA,54.82,45.18,27.19,19.79,10.31,0,8/14/01,8/20/01,1
20010807,CA,54.82,45.18,27.19,19.79,9.69,0,8/7/01,8/13/01,1
20010731,CA,54.82,45.18,27.19,19.79,9.69,0,7/31/01,8/6/01,1
20010724,CA,54.82,45.18,27.19,19.79,9.69,0,7/24/01,7/30/01,1
20010717,CA,55.94,44.06,27.19,19.79,9.69,0,7/17/01,7/23/01,1
20010710,CA,56.08,43.92,26.69,17.04,9.69,0,7/10/01,7/16/01,1
20010703,CA,42.02,57.98,27.59,18.48,4.72,0,7/3/01,7/9/01,1
20010626,CA,46.12,53.88,27.59,17.28,0.93,0,6/26/01,7/2/01,1
20010619,CA,46.49,53.51,25.96,15.87,0.2,0,6/19/01,6/25/01,1
20010612,CA,49.85,50.15,24.34,8.93,0.05,0,6/12/01,6/18/01,1
20010605,CA,49.85,50.15,22.39,8.24,0.05,0,6/5/01,6/11/01,1
20010529,CA,59.65,40.35,17.23,6.1,0.04,0,5/29/01,6/4/01,1
20010522,CA,59.65,40.35,17.23,3.44,0.05,0,5/22/01,5/28/01,1
20010515,CA,59.65,40.35,17.23,3.44,0.05,0,5/15/01,5/21/01,1
20010508,CA,66.5,33.5,14.71,3.44,0.07,0,5/8/01,5/14/01,1
20010501,CA,66.5,33.5,14.71,3.44,0.58,0,5/1/01,5/7/01,1
20010424,CA,66.5,33.5,14.71,3.44,0.58,0,4/24/01,4/30/01,1
20010417,CA,66.5,33.5,14.71,3.44,0.58,0,4/17/01,4/23/01,1
20010410,CA,74.01,25.99,13.11,3.44,0.58,0,4/10/01,4/16/01,1
20010403,CA,69.79,30.21,12.93,3.44,0.58,0,4/3/01,4/9/01,1
20010327,CA,73.4,26.6,4.65,0.08,0,0,3/27/01,4/2/01,1
20010320,CA,73.4,26.6,4.65,0.08,0,0,3/20/01,3/26/01,1
20010313,CA,73.11,26.89,2.97,0,0,0,3/13/01,3/19/01,1
20010306,CA,73.11,26.89,2.97,0,0,0,3/6/01,3/12/01,1
20010227,CA,73.11,26.89,2.95,0,0,0,2/27/01,3/5/01,1
20010220,CA,68.1,31.9,2.28,0,0,0,2/20/01,2/26/01,1
20010213,CA,62.95,37.05,2.68,0,0,0,2/13/01,2/19/01,1
20010206,CA,63.65,36.35,0,0,0,0,2/6/01,2/12/01,1
20010130,CA,80.05,19.95,0,0,0,0,1/30/01,2/5/01,1
20010123,CA,74.23,25.77,0,0,0,0,1/23/01,1/29/01,1
20010116,CA,85.26,14.74,0,0,0,0,1/16/01,1/22/01,1
20010109,CA,56.33,43.67,0,0,0,0,1/9/01,1/15/01,1
20010102,CA,69.13,30.87,0,0,0,0,1/2/01,1/8/01,1
20001226,CA,100,0,0,0,0,0,12/26/00,1/1/01,1
20001219,CA,100,0,0,0,0,0,12/19/00,12/25/00,1
20001212,CA,100,0,0,0,0,0,12/12/00,12/18/00,1
20001205,CA,100,0,0,0,0,0,12/5/00,12/11/00,1
20001128,CA,100,0,0,0,0,0,11/28/00,12/4/00,1
20001121,CA,100,0,0,0,0,0,11/21/00,11/27/00,1
20001114,CA,100,0,0,0,0,0,11/14/00,11/20/00,1
20001107,CA,100,0,0,0,0,0,11/7/00,11/13/00,1
20001031,CA,100,0,0,0,0,0,10/31/00,11/6/00,1
20001024,CA,88.15,11.85,0,0,0,0,10/24/00,10/30/00,1
20001017,CA,84.08,15.92,0,0,0,0,10/17/00,10/23/00,1
20001010,CA,87.3,12.7,0,0,0,0,10/10/00,10/16/00,1
20001003,CA,87.3,12.7,0,0,0,0,10/3/00,10/9/00,1
20000926,CA,87.3,12.7,0,0,0,0,9/26/00,10/2/00,1
20000919,CA,87.82,12.18,0,0,0,0,9/19/00,9/25/00,1
20000912,CA,87.82,12.18,0,0,0,0,9/12/00,9/18/00,1
20000905,CA,87.82,12.18,0,0,0,0,9/5/00,9/11/00,1
20000829,CA,77.21,22.79,0,0,0,0,8/29/00,9/4/00,1
20000822,CA,75.09,24.91,0.99,0,0,0,8/22/00,8/28/00,1
20000815,CA,75.09,24.91,1.72,0,0,0,8/15/00,8/21/00,1
20000808,CA,87.98,12.02,0,0,0,0,8/8/00,8/14/00,1
20000801,CA,92.39,7.61,0,0,0,0,8/1/00,8/7/00,1
20000725,CA,92.39,7.61,0,0,0,0,7/25/00,7/31/00,1
20000718,CA,100,0,0,0,0,0,7/18/00,7/24/00,1
20000711,CA,100,0,0,0,0,0,7/11/00,7/17/00,1
20000704,CA,100,0,0,0,0,0,7/4/00,7/10/00,1
20000627,CA,100,0,0,0,0,0,6/27/00,7/3/00,1
20000620,CA,100,0,0,0,0,0,6/20/00,6/26/00,1
20000613,CA,100,0,0,0,0,0,6/13/00,6/19/00,1
20000606,CA,100,0,0,0,0,0,6/6/00,6/12/00,1
20000530,CA,100,0,0,0,0,0,5/30/00,6/5/00,1
20000523,CA,100,0,0,0,0,0,5/23/00,5/29/00,1
20000516,CA,100,0,0,0,0,0,5/16/00,5/22/00,1
20000509,CA,100,0,0,0,0,0,5/9/00,5/15/00,1
20000502,CA,100,0,0,0,0,0,5/2/00,5/8/00,1
20000425,CA,100,0,0,0,0,0,4/25/00,5/1/00,1
20000418,CA,95.93,4.07,0,0,0,0,4/18/00,4/24/00,1
20000411,CA,97.02,2.98,0,0,0,0,4/11/00,4/17/00,1
20000404,CA,97.02,2.98,0,0,0,0,4/4/00,4/10/00,1
20000328,CA,97.28,2.72,0,0,0,0,3/28/00,4/3/00,1
20000321,CA,97.45,2.55,0,0,0,0,3/21/00,3/27/00,1
20000314,CA,97.45,2.55,0,0,0,0,3/14/00,3/20/00,1
20000307,CA,90.56,9.44,0.03,0,0,0,3/7/00,3/13/00,1
20000229,CA,83.71,16.29,0.05,0,0,0,2/29/00,3/6/00,1
20000222,CA,81.29,18.71,0,0,0,0,2/22/00,2/28/00,1
20000215,CA,56.39,43.61,0,0,0,0,2/15/00,2/21/00,1
20000208,CA,55.8,44.2,0,0,0,0,2/8/00,2/14/00,1
20000201,CA,49.12,50.88,0,0,0,0,2/1/00,2/7/00,1
20000125,CA,44.03,55.97,0,0,0,0,1/25/00,1/31/00,1
20000118,CA,27.96,72.04,0,0,0,0,1/18/00,1/24/00,1
20000111,CA,18.25,81.75,0,0,0,0,1/11/00,1/17/00,1
20000104,CA,51.83,48.17,0,0,0,0,1/4/00,1/10/00,1